Categorie,Sous-categorie,Nom,Prix,Image,Lien,Rayon                    ,Categorie                ,Famille                  ,Talon                    ,Info pointure            ,Semelle                  ,Doublure                 ,Matiere exterieure       ,Matière                  ,Couleur principale       ,Référence,Libellé modèle,Membrane                 
Femme,Charentaises,Chaussons et Pantoufles -Femme -Foururre synthétique -Kaki  -Charentaise -la maison de l espadrille,28.00 €,/CHAUSSURESONLINE_WEB/photos/Ico/4916102_1.jpg,https://www.chaussuresonline.com/fr/chaussure/la-maison-de-l-espadrille/femme/chaussons-et-pantoufles/7635-neo-charentaise-kaki/4916102.awp,Femme,Chaussons et Pantoufles,Charentaise,Talon Plat- Moins de 4cm,Chausse normal,Caoutchouc,Foururre synthétique,Synthétique,Nubuck,Kaki,4916102.0,7635 NEO CHARENTAISE,
Femme,Charentaises,Chaussons et Pantoufles -Femme -Foururre synthétique -Orange  -Charentaise -la maison de l espadrille,28.00 €,/CHAUSSURESONLINE_WEB/photos/Ico/4916103_1.jpg,https://www.chaussuresonline.com/fr/chaussure/la-maison-de-l-espadrille/femme/chaussons-et-pantoufles/7635-neo-charentaise-orange/4916103.awp,Femme,Chaussons et Pantoufles,Charentaise,Talon Plat- Moins de 4cm,Chausse normal,Caoutchouc,Foururre synthétique,Synthétique,Nubuck,Orange,4916103.0,7635 NEO CHARENTAISE,
Femme,Charentaises,Chaussons et Pantoufles -Femme -Foururre synthétique -Bleu Marine  -Charentaise -la maison de l espadrille,28.00 €,/CHAUSSURESONLINE_WEB/photos/Ico/4916106_1.jpg,https://www.chaussuresonline.com/fr/chaussure/la-maison-de-l-espadrille/femme/chaussons-et-pantoufles/7635-neo-charentaise-bleu-marine/4916106.awp,Femme,Chaussons et Pantoufles,Charentaise,Talon Plat- Moins de 4cm,Chausse normal,Caoutchouc,Foururre synthétique,Synthétique,Velours,Bleu Marine,4916106.0,7635 NEO CHARENTAISE,
Femme,Charentaises,Chaussons et Pantoufles -Femme -Foururre synthétique -Gris  -Charentaise -la maison de l espadrille,39.99 €,/CHAUSSURESONLINE_WEB/photos/Ico/4770501_1.jpg,https://www.chaussuresonline.com/fr/chaussure/la-maison-de-l-espadrille/femme/chaussons-et-pantoufles/f4131-charentaise-chat-gris/4770501.awp,Femme,Chaussons et Pantoufles,Charentaise,Talon Plat- Moins de 4cm,Chausse normal,Caoutchouc,Foururre synthétique,Synthétique,Feutrine,Gris,4770501.0,F4131 CHARENTAISE CHAT,
Femme,Charentaises,Chaussons et Pantoufles -Femme -Laine tissée -Rose  -Charentaise -la maison de l espadrille,11.60 €29.00 €,/CHAUSSURESONLINE_WEB/photos/Ico/4415402_1.jpg,https://www.chaussuresonline.com/fr/chaussure/la-maison-de-l-espadrille/femme/chaussons-et-pantoufles/7664-rose/4415402.awp,Femme,Chaussons et Pantoufles,Charentaise,Talon Plat- Moins de 4cm,Chausse normal,Caoutchouc,Laine tissée,Toile,Synthetique,Rose,4415402.0,7664,
Femme,Charentaises,Chaussons et Pantoufles -Femme -Foururre synthétique -Noir  -Charentaise -la maison de l espadrille,24.90 €,/CHAUSSURESONLINE_WEB/photos/Ico/4770901_1.jpg,https://www.chaussuresonline.com/fr/chaussure/la-maison-de-l-espadrille/femme/chaussons-et-pantoufles/7649-chat-noir/4770901.awp,Femme,Chaussons et Pantoufles,Charentaise,,Chausse normal,Gomme,Foururre synthétique,Synthétique,Synthetique,Noir,4770901.0,7649 CHAT,
Femme,Charentaises,Chaussons et Pantoufles -Femme -Textile -Divers  -Charentaise -isotoner,39.90 €,/CHAUSSURESONLINE_WEB/photos/Ico/4854901_1.jpg,https://www.chaussuresonline.com/fr/chaussure/isotoner/femme/chaussons-et-pantoufles/97267-girafe-divers/4854901.awp,Femme,Chaussons et Pantoufles,Charentaise,Talon Plat- Moins de 4cm,Chausse normal,Gomme,Textile,Toile,Coton,Divers,4854901.0,97267 GIRAFE,MADE IN FRANCE
Femme,Charentaises,Chaussons et Pantoufles -Femme -Textile -Noir  -Charentaise -isotoner,39.90 €,/CHAUSSURESONLINE_WEB/photos/Ico/7215901_1.jpg,https://www.chaussuresonline.com/fr/chaussure/isotoner/femme/chaussons-et-pantoufles/97310-noir/7215901.awp,Femme,Chaussons et Pantoufles,Charentaise,Talon Plat- Moins de 4cm,Chausse normal,Gomme,Textile,Cuir Grainé,Coton,Noir,7215901.0,97310,MADE IN FRANCE
Femme,Charentaises,Chaussons et Pantoufles -Femme -Laine tissée -Jaune  -Charentaise -rondinaud,42.90 €,/CHAUSSURESONLINE_WEB/photos/Ico/4864801_1.jpg,https://www.chaussuresonline.com/fr/chaussure/rondinaud/femme/chaussons-et-pantoufles/anouk-exterieur-femme-jaune/4864801.awp,Femme,Chaussons et Pantoufles,Charentaise,Talon Plat- Moins de 4cm,Chausse normal,Feutrine,Laine tissée,Textile,Laine,Jaune,4864801.0,ANOUK EXTERIEUR FEMME,MADE IN FRANCE
Femme,Charentaises,Chaussons et Pantoufles -Femme -Laine tissée -Jaune  -Charentaise -rondinaud,42.90 €,/CHAUSSURESONLINE_WEB/photos/Ico/4786501_1.jpg,https://www.chaussuresonline.com/fr/chaussure/rondinaud/femme/chaussons-et-pantoufles/anouk-femme-jaune/4786501.awp,Femme,Chaussons et Pantoufles,Charentaise,Talon Plat- Moins de 4cm,Chausse normal,Feutrine,Laine tissée,Textile,Laine,Jaune,4786501.0,ANOUK FEMME,MADE IN FRANCE
Femme,Charentaises,Chaussons et Pantoufles -Femme -Laine tissée -Beige  -Charentaise -rondinaud,39.90 €,/CHAUSSURESONLINE_WEB/photos/Ico/4787201_1.jpg,https://www.chaussuresonline.com/fr/chaussure/rondinaud/femme/chaussons-et-pantoufles/cahors-femme-beige/4787201.awp,Femme,Chaussons et Pantoufles,Charentaise,Talon Plat- Moins de 4cm,Chausse normal,Feutrine,Laine tissée,Textile,Laine,Beige,4787201.0,CAHORS FEMME,MADE IN FRANCE
Femme,Charentaises,Chaussons et Pantoufles -Femme -Laine tissée -Gris  -Charentaise -semelflex,39.90 €,/CHAUSSURESONLINE_WEB/photos/Ico/4802601_1.jpg,https://www.chaussuresonline.com/fr/chaussure/semelflex/femme/chaussons-et-pantoufles/calolydie-gris/4802601.awp,Femme,Chaussons et Pantoufles,Charentaise,Talon compensé,Chausse normal,Gomme,Laine tissée,Synthétique,Laine,Gris,4802601.0,CALOLYDIE,
Femme,Charentaises,Chaussons et Pantoufles -Femme -Laine tissée -Orange  -Charentaise -chausse mouton,49.00 €,/CHAUSSURESONLINE_WEB/photos/Ico/4846701_1.jpg,https://www.chaussuresonline.com/fr/chaussure/chausse-mouton/femme/chaussons-et-pantoufles/cest-le-pied-orange/4846701.awp,Femme,Chaussons et Pantoufles,Charentaise,Talon Plat- Moins de 4cm,Chausse normal,Feutrine,Laine tissée,Synthétique,Velours,Orange,4846701.0,CEST LE PIED,MADE IN FRANCE
Femme,Charentaises,Chaussons et Pantoufles -Femme -Laine tissée -Vert  -Charentaise -rondinaud,39.90 €,/CHAUSSURESONLINE_WEB/photos/Ico/4786301_1.jpg,https://www.chaussuresonline.com/fr/chaussure/rondinaud/femme/chaussons-et-pantoufles/iris-femme-vert/4786301.awp,Femme,Chaussons et Pantoufles,Charentaise,Talon Plat- Moins de 4cm,Chausse normal,Feutrine,Laine tissée,Textile,Textile,Vert,4786301.0,IRIS FEMME,MADE IN FRANCE
Femme,Charentaises,Chaussons et Pantoufles -Femme -Laine tissée -Jaune  -Charentaise -chausse mouton,47.00 €,/CHAUSSURESONLINE_WEB/photos/Ico/4846601_1.jpg,https://www.chaussuresonline.com/fr/chaussure/chausse-mouton/femme/chaussons-et-pantoufles/kyoto-jaune/4846601.awp,Femme,Chaussons et Pantoufles,Charentaise,Talon Plat- Moins de 4cm,Chausse normal,Feutrine,Laine tissée,Synthétique,Velours,Jaune,4846601.0,KYOTO,MADE IN FRANCE
Femme,Charentaises,Chaussons et Pantoufles -Femme -Laine tissée -Bleu  -Charentaise -chausse mouton,47.00 €,/CHAUSSURESONLINE_WEB/photos/Ico/4846602_1.jpg,https://www.chaussuresonline.com/fr/chaussure/chausse-mouton/femme/chaussons-et-pantoufles/kyoto-bleu/4846602.awp,Femme,Chaussons et Pantoufles,Charentaise,Talon Plat- Moins de 4cm,Chausse normal,Feutrine,Laine tissée,Synthétique,Velours,Bleu,4846602.0,KYOTO,MADE IN FRANCE
Femme,Charentaises,Chaussons et Pantoufles -Femme -Laine tissée -Or  -Charentaise -rondinaud,39.90 €,/CHAUSSURESONLINE_WEB/photos/Ico/4787101_1.jpg,https://www.chaussuresonline.com/fr/chaussure/rondinaud/femme/chaussons-et-pantoufles/marion-femme-or/4787101.awp,Femme,Chaussons et Pantoufles,Charentaise,Talon Plat- Moins de 4cm,Chausse normal,Feutrine,Laine tissée,Textile,Synthetique,Or,4787101.0,MARION FEMME,MADE IN FRANCE
Femme,Charentaises,Chaussons et Pantoufles -Femme -Laine tissée - -Charentaise -chausse mouton,49.00 €,/CHAUSSURESONLINE_WEB/photos/Ico/4793901_1.jpg,https://www.chaussuresonline.com/fr/chaussure/chausse-mouton/femme/chaussons-et-pantoufles/melrose-/4793901.awp,Femme,Chaussons et Pantoufles,Charentaise,Talon Plat- Moins de 4cm,Chausse normal,Feutrine,Laine tissée,Synthétique,,,4793901.0,MELROSE,MADE IN FRANCE
Femme,Charentaises,Chaussons et Pantoufles -Femme -Laine tissée -Fleurs  -Charentaise -rondinaud,39.90 €,/CHAUSSURESONLINE_WEB/photos/Ico/4786401_1.jpg,https://www.chaussuresonline.com/fr/chaussure/rondinaud/femme/chaussons-et-pantoufles/pauline-femme-fleurs/4786401.awp,Femme,Chaussons et Pantoufles,Charentaise,Talon Plat- Moins de 4cm,Chausse normal,Feutrine,Laine tissée,Textile,Synthetique,Fleurs,4786401.0,PAULINE FEMME,MADE IN FRANCE
Femme,Charentaises,Chaussons et Pantoufles -Femme -Laine tissée - -Charentaise -rondinaud,39.90 €,/CHAUSSURESONLINE_WEB/photos/Ico/4786901_1.jpg,https://www.chaussuresonline.com/fr/chaussure/rondinaud/femme/chaussons-et-pantoufles/sandy-femme-/4786901.awp,Femme,Chaussons et Pantoufles,Charentaise,Talon Plat- Moins de 4cm,Chausse normal,Feutrine,Laine tissée,Textile,,,4786901.0,SANDY FEMME,MADE IN FRANCE
Femme,Charentaises,Chaussons et Pantoufles -Femme -Laine tissée -Noir  -Charentaise -chausse mouton,49.00 €,/CHAUSSURESONLINE_WEB/photos/Ico/4793701_1.jpg,https://www.chaussuresonline.com/fr/chaussure/chausse-mouton/femme/chaussons-et-pantoufles/tweed-noir/4793701.awp,Femme,Chaussons et Pantoufles,Charentaise,Talon Plat- Moins de 4cm,Chausse normal,Feutrine,Laine tissée,Synthétique,Laine,Noir,4793701.0,TWEED,MADE IN FRANCE
Femme,Charentaises,Chaussons et Pantoufles -Femme -Laine tissée -Fleurs  -Charentaise -la maison de l espadrille,28.90 €,/CHAUSSURESONLINE_WEB/photos/Ico/4879901_1.jpg,https://www.chaussuresonline.com/fr/chaussure/la-maison-de-l-espadrille/femme/chaussons-et-pantoufles/7632-fleurs/4879901.awp,Femme,Chaussons et Pantoufles,Charentaise,Talon Plat- Moins de 4cm,Chausse normal,Gomme,Laine tissée,Synthétique,Textile,Fleurs,4879901.0,7632,
Femme,Charentaises,Chaussons et Pantoufles -Femme -Foururre synthétique -Marron  -Charentaise -la maison de l espadrille,28.00 €,/CHAUSSURESONLINE_WEB/photos/Ico/4916101_1.jpg,https://www.chaussuresonline.com/fr/chaussure/la-maison-de-l-espadrille/femme/chaussons-et-pantoufles/7635-neo-charentaise-marron/4916101.awp,Femme,Chaussons et Pantoufles,Charentaise,Talon Plat- Moins de 4cm,Chausse normal,Caoutchouc,Foururre synthétique,Synthétique,Velours,Marron,4916101.0,7635 NEO CHARENTAISE,
Femme,Charentaises,Chaussons et Pantoufles -Femme -Foururre synthétique -Jaune  -Charentaise -la maison de l espadrille,28.00 €,/CHAUSSURESONLINE_WEB/photos/Ico/4916104_1.jpg,https://www.chaussuresonline.com/fr/chaussure/la-maison-de-l-espadrille/femme/chaussons-et-pantoufles/7635-neo-charentaise-jaune/4916104.awp,Femme,Chaussons et Pantoufles,Charentaise,Talon Plat- Moins de 4cm,Chausse normal,Caoutchouc,Foururre synthétique,Synthétique,Velours,Jaune,4916104.0,7635 NEO CHARENTAISE,
Femme,Charentaises,Chaussons et Pantoufles -Femme -Foururre synthétique -Anthracite  -Charentaise -la maison de l espadrille,28.00 €,/CHAUSSURESONLINE_WEB/photos/Ico/4916105_1.jpg,https://www.chaussuresonline.com/fr/chaussure/la-maison-de-l-espadrille/femme/chaussons-et-pantoufles/7635-neo-charentaise-anthracite/4916105.awp,Femme,Chaussons et Pantoufles,Charentaise,Talon Plat- Moins de 4cm,Chausse normal,Caoutchouc,Foururre synthétique,Synthétique,Synthetique,Anthracite,4916105.0,7635 NEO CHARENTAISE,
Femme,Charentaises,Chaussons et Pantoufles -Femme -Laine tissée -Noir  -Charentaise -la maison de l espadrille,29.90 €,/CHAUSSURESONLINE_WEB/photos/Ico/4879801_1.jpg,https://www.chaussuresonline.com/fr/chaussure/la-maison-de-l-espadrille/femme/chaussons-et-pantoufles/7640-noir/4879801.awp,Femme,Chaussons et Pantoufles,Charentaise,Talon Plat- Moins de 4cm,Chausse normal,Gomme,Laine tissée,Synthétique,Textile,Noir,4879801.0,7640,
Femme,Charentaises,Chaussons et Pantoufles -Femme -Textile -Anthracite  -Charentaise -isotoner,42.90 €,/CHAUSSURESONLINE_WEB/photos/Ico/4915601_1.jpg,https://www.chaussuresonline.com/fr/chaussure/isotoner/femme/chaussons-et-pantoufles/97352-chat-anthracite/4915601.awp,Femme,Chaussons et Pantoufles,Charentaise,Talon Plat- Moins de 4cm,Chausse normal,Gomme,Textile,Toile,Synthetique,Anthracite,4915601.0,97352 CHAT,MADE IN FRANCE
Femme,Charentaises,Chaussons et Pantoufles -Femme -Laine tissée -Bleu Marine  -Charentaise -rondinaud,49.90 €,/CHAUSSURESONLINE_WEB/photos/Ico/4876501_1.jpg,https://www.chaussuresonline.com/fr/chaussure/rondinaud/femme/chaussons-et-pantoufles/adam-femme-exterieur-bleu-marine/4876501.awp,Femme,Chaussons et Pantoufles,Charentaise,Talon Plat- Moins de 4cm,Chausse normal,Feutrine,Laine tissée,Textile,Synthetique,Bleu Marine,4876501.0,ADAM FEMME EXTERIEUR,MADE IN FRANCE
Femme,Charentaises,Chaussons et Pantoufles -Femme -Laine tissée -Bleu Marine  -Charentaise -rondinaud,49.90 €,/CHAUSSURESONLINE_WEB/photos/Ico/4876801_1.jpg,https://www.chaussuresonline.com/fr/chaussure/rondinaud/femme/chaussons-et-pantoufles/adele-femme-exterieur-bleu-marine/4876801.awp,Femme,Chaussons et Pantoufles,Charentaise,Talon Plat- Moins de 4cm,Chausse normal,Feutrine,Laine tissée,Textile,Laine,Bleu Marine,4876801.0,ADELE FEMME EXTERIEUR,MADE IN FRANCE
Femme,Charentaises,Chaussons et Pantoufles -Femme -Laine tissée -Gris  -Charentaise -semelflex,43.75 €,/CHAUSSURESONLINE_WEB/photos/Ico/4886201_1.jpg,https://www.chaussuresonline.com/fr/chaussure/semelflex/femme/chaussons-et-pantoufles/autran-gris/4886201.awp,Femme,Chaussons et Pantoufles,Charentaise,Talon compensé,Chausse normal,Gomme,Laine tissée,Synthétique,Laine,Gris,4886201.0,AUTRAN,
Femme,Charentaises,Chaussons et Pantoufles -Femme -Laine tissée -Rose  -Charentaise -rondinaud,43.00 €,/CHAUSSURESONLINE_WEB/photos/Ico/4691202_1.jpg,https://www.chaussuresonline.com/fr/chaussure/rondinaud/femme/chaussons-et-pantoufles/calmont-rose/4691202.awp,Femme,Chaussons et Pantoufles,Charentaise,Talon Plat- Moins de 4cm,Chausse normal,Feutrine,Laine tissée,Textile,Laine,Rose,4691202.0,CALMONT,MADE IN FRANCE
Femme,Charentaises,Chaussons et Pantoufles -Femme -Laine tissée -Jaune  -Charentaise -rondinaud,43.00 €,/CHAUSSURESONLINE_WEB/photos/Ico/4691203_1.jpg,https://www.chaussuresonline.com/fr/chaussure/rondinaud/femme/chaussons-et-pantoufles/calmont-jaune/4691203.awp,Femme,Chaussons et Pantoufles,Charentaise,Talon Plat- Moins de 4cm,Chausse normal,Feutrine,Laine tissée,Textile,Laine,Jaune,4691203.0,CALMONT,MADE IN FRANCE
Femme,Charentaises,Chaussons et Pantoufles -Femme -Laine tissée -Bordeaux  -Charentaise -semelflex,44.00 €,/CHAUSSURESONLINE_WEB/photos/Ico/4886101_1.jpg,https://www.chaussuresonline.com/fr/chaussure/semelflex/femme/chaussons-et-pantoufles/calomona-bordeaux/4886101.awp,Femme,Chaussons et Pantoufles,Charentaise,Talon compensé,Chausse normal,Gomme,Laine tissée,Synthétique,Laine,Bordeaux,4886101.0,CALOMONA,
Femme,Charentaises,Chaussons et Pantoufles -Femme -Laine tissée -Gris  -Charentaise -semelflex,44.00 €,/CHAUSSURESONLINE_WEB/photos/Ico/4886102_1.jpg,https://www.chaussuresonline.com/fr/chaussure/semelflex/femme/chaussons-et-pantoufles/calomona-gris/4886102.awp,Femme,Chaussons et Pantoufles,Charentaise,Talon compensé,Chausse normal,Gomme,Laine tissée,Synthétique,Laine,Gris,4886102.0,CALOMONA,
Femme,Charentaises,Chaussons et Pantoufles -Femme -Laine tissée -Gris  -Charentaise -semelflex,44.00 €,/CHAUSSURESONLINE_WEB/photos/Ico/4886103_1.jpg,https://www.chaussuresonline.com/fr/chaussure/semelflex/femme/chaussons-et-pantoufles/calomona-gris/4886103.awp,Femme,Chaussons et Pantoufles,Charentaise,Talon compensé,Chausse normal,Gomme,Laine tissée,Synthétique,Laine,Gris,4886103.0,CALOMONA,
Femme,Charentaises,Chaussons et Pantoufles -Femme -Laine tissée -Fleurs  -Charentaise -semelflex,45.00 €,/CHAUSSURESONLINE_WEB/photos/Ico/4802701_1.jpg,https://www.chaussuresonline.com/fr/chaussure/semelflex/femme/chaussons-et-pantoufles/calozoe-fleurs/4802701.awp,Femme,Chaussons et Pantoufles,Charentaise,Talon compensé,Chausse normal,Gomme,Laine tissée,Synthétique,Synthetique,Fleurs,4802701.0,CALOZOE,
Femme,Charentaises,Chaussons et Pantoufles -Femme -Foururre synthétique - -Charentaise -la maison de l espadrille,44.90 €,/CHAUSSURESONLINE_WEB/photos/Ico/4770601_1.jpg,https://www.chaussuresonline.com/fr/chaussure/la-maison-de-l-espadrille/femme/chaussons-et-pantoufles/f109f-charentaise-femme-/4770601.awp,Femme,Chaussons et Pantoufles,Charentaise,,Chausse normal,Gomme,Foururre synthétique,Synthétique,,,4770601.0,F109F CHARENTAISE FEMME,
Femme,Charentaises,Chaussons et Pantoufles -Femme -Foururre synthétique -Bordeaux  -Charentaise -la maison de l espadrille,39.99 €,/CHAUSSURESONLINE_WEB/photos/Ico/4770502_1.jpg,https://www.chaussuresonline.com/fr/chaussure/la-maison-de-l-espadrille/femme/chaussons-et-pantoufles/f4131-charentaise-chat-bordeaux/4770502.awp,Femme,Chaussons et Pantoufles,Charentaise,Talon Plat- Moins de 4cm,Chausse normal,Caoutchouc,Foururre synthétique,Synthétique,Feutrine,Bordeaux,4770502.0,F4131 CHARENTAISE CHAT,
Femme,Charentaises,Chaussons et Pantoufles -Femme -Laine tissée -Fleurs  -Charentaise -semelflex,54.75 €,/CHAUSSURESONLINE_WEB/photos/Ico/4885901_1.jpg,https://www.chaussuresonline.com/fr/chaussure/semelflex/femme/chaussons-et-pantoufles/jane-rose-fleurs/4885901.awp,Femme,Chaussons et Pantoufles,Charentaise,Talon Plat- Moins de 4cm,Chausse normal,Gomme,Laine tissée,Synthétique,Laine,Fleurs,4885901.0,JANE ROSE,
Femme,Charentaises,Chaussons et Pantoufles -Femme -Laine tissée -Beige  -Charentaise -rondinaud,49.90 €,/CHAUSSURESONLINE_WEB/photos/Ico/4873101_1.jpg,https://www.chaussuresonline.com/fr/chaussure/rondinaud/femme/chaussons-et-pantoufles/louis-femme-exterieur-beige/4873101.awp,Femme,Chaussons et Pantoufles,Charentaise,Talon Plat- Moins de 4cm,Chausse normal,Feutrine,Laine tissée,Textile,Laine,Beige,4873101.0,LOUIS FEMME EXTERIEUR,MADE IN FRANCE
Homme,Charentaises,Chaussons et Pantoufles -Homme -Synthétique -Gris  -Charentaise -la maison de l espadrille,36.90 €,/CHAUSSURESONLINE_WEB/photos/Ico/4881701_1.jpg,https://www.chaussuresonline.com/fr/chaussure/la-maison-de-l-espadrille/homme/chaussons-et-pantoufles/a51h-charentaise-asterix-gris/4881701.awp,Homme,Chaussons et Pantoufles,Charentaises Hiver,Talon Plat- Moins de 4cm,Chausse normal,Gomme,Synthétique,Synthétique,Textile,Gris,4881701.0,A51H CHARENTAISE ASTERIX,
Homme,Charentaises,Chaussons et Pantoufles -Homme -Synthétique -Noir  -Charentaise -la maison de l espadrille,27.90 €,/CHAUSSURESONLINE_WEB/photos/Ico/4882001_1.jpg,https://www.chaussuresonline.com/fr/chaussure/la-maison-de-l-espadrille/homme/chaussons-et-pantoufles/7672-noir/4882001.awp,Homme,Chaussons et Pantoufles,Charentaises Hiver,Talon Plat- Moins de 4cm,Chausse normal,Gomme,Synthétique,Synthétique,Synthetique,Noir,4882001.0,7672,
Homme,Charentaises,Chaussons et Pantoufles -Homme -Laine tissée -Marron  -Charentaise -la maison de l espadrille,39.90 €,/CHAUSSURESONLINE_WEB/photos/Ico/4660301_1.jpg,https://www.chaussuresonline.com/fr/chaussure/la-maison-de-l-espadrille/homme/chaussons-et-pantoufles/124f-charentaise-marron/4660301.awp,Homme,Chaussons et Pantoufles,Charentaises Hiver,,Chausse normal,Feutrine,Laine tissée,Synthétique,Laine,Marron,4660301.0,124F CHARENTAISE,MADE IN FRANCE
Homme,Charentaises,Chaussons et Pantoufles -Homme -Laine tissée -Bordeaux  -Charentaise -la maison de l espadrille,39.90 €,/CHAUSSURESONLINE_WEB/photos/Ico/4660303_1.jpg,https://www.chaussuresonline.com/fr/chaussure/la-maison-de-l-espadrille/homme/chaussons-et-pantoufles/124f-charentaise-bordeaux/4660303.awp,Homme,Chaussons et Pantoufles,Charentaises Hiver,,Chausse normal,Feutrine,Laine tissée,Synthétique,Laine,Bordeaux,4660303.0,124F CHARENTAISE,MADE IN FRANCE
Homme,Charentaises,Chaussons et Pantoufles -Homme -Foururre synthétique -Beige  -Charentaise -rondinaud,39.90 €,/CHAUSSURESONLINE_WEB/photos/Ico/4785501_1.jpg,https://www.chaussuresonline.com/fr/chaussure/rondinaud/homme/chaussons-et-pantoufles/bernard-homme-beige/4785501.awp,Homme,Chaussons et Pantoufles,Charentaises Hiver,Talon Plat- Moins de 4cm,Chausse normal,Feutrine,Foururre synthétique,Toile,Laine,Beige,4785501.0,BERNARD HOMME,MADE IN FRANCE
Homme,Charentaises,Chaussons et Pantoufles -Homme -Laine tissée -Bleu Marine  -Charentaise -rondinaud,45.00 €,/CHAUSSURESONLINE_WEB/photos/Ico/4786001_1.jpg,https://www.chaussuresonline.com/fr/chaussure/rondinaud/homme/chaussons-et-pantoufles/calmont-homme-bleu-marine/4786001.awp,Homme,Chaussons et Pantoufles,Charentaises Hiver,Talon Plat- Moins de 4cm,Chausse normal,Feutrine,Laine tissée,Textile,Laine,Bleu Marine,4786001.0,CALMONT HOMME,MADE IN FRANCE
Homme,Charentaises,Chaussons et Pantoufles -Homme -Laine tissée -Rouge  -Charentaise -chausse mouton,49.00 €,/CHAUSSURESONLINE_WEB/photos/Ico/4794401_1.jpg,https://www.chaussuresonline.com/fr/chaussure/chausse-mouton/homme/chaussons-et-pantoufles/douglas-exterieur-rouge/4794401.awp,Homme,Chaussons et Pantoufles,Charentaises Hiver,Talon Plat- Moins de 4cm,Chausse normal,Crêpe,Laine tissée,Synthétique,Laine,Rouge,4794401.0,DOUGLAS EXTERIEUR,MADE IN FRANCE
Homme,Charentaises,Chaussons et Pantoufles -Homme -Laine tissée -Noir  -Charentaise -chausse mouton,49.00 €,/CHAUSSURESONLINE_WEB/photos/Ico/4794101_1.jpg,https://www.chaussuresonline.com/fr/chaussure/chausse-mouton/homme/chaussons-et-pantoufles/dreamtime-noir/4794101.awp,Homme,Chaussons et Pantoufles,Charentaises Hiver,Talon Plat- Moins de 4cm,Chausse normal,Feutrine,Laine tissée,Synthétique,Velours,Noir,4794101.0,DREAMTIME,MADE IN FRANCE
Homme,Charentaises,Chaussons et Pantoufles -Homme -Laine tissée -Rouge  -Charentaise -chausse mouton,49.00 €,/CHAUSSURESONLINE_WEB/photos/Ico/4794001_1.jpg,https://www.chaussuresonline.com/fr/chaussure/chausse-mouton/homme/chaussons-et-pantoufles/edimbourg-rouge/4794001.awp,Homme,Chaussons et Pantoufles,Charentaises Hiver,Talon Plat- Moins de 4cm,Chausse normal,Feutrine,Laine tissée,Synthétique,Laine,Rouge,4794001.0,EDIMBOURG,MADE IN FRANCE
Homme,Charentaises,Chaussons et Pantoufles -Homme -Laine tissée -Noir  -Charentaise -rondinaud,43.00 €,/CHAUSSURESONLINE_WEB/photos/Ico/4785401_1.jpg,https://www.chaussuresonline.com/fr/chaussure/rondinaud/homme/chaussons-et-pantoufles/louis-exterieur-homme-noir/4785401.awp,Homme,Chaussons et Pantoufles,Charentaises Hiver,Talon Plat- Moins de 4cm,Chausse normal,Feutrine,Laine tissée,Textile,,Noir,4785401.0,LOUIS EXTERIEUR HOMME,MADE IN FRANCE
Homme,Charentaises,Chaussons et Pantoufles -Homme -Laine tissée -Anthracite  -Charentaise -semelflex,42.50 €,/CHAUSSURESONLINE_WEB/photos/Ico/4802001_1.jpg,https://www.chaussuresonline.com/fr/chaussure/semelflex/homme/chaussons-et-pantoufles/pierre-arthur-anthracite/4802001.awp,Homme,Chaussons et Pantoufles,Charentaises Hiver,Talon Plat- Moins de 4cm,Chausse normal,Feutrine,Laine tissée,Synthétique,Synthetique,Anthracite,4802001.0,PIERRE ARTHUR,
Homme,Charentaises,Chaussons et Pantoufles -Homme -Laine tissée -Bleu Marine  -Charentaise -chausse mouton,49.00 €,/CHAUSSURESONLINE_WEB/photos/Ico/4794201_1.jpg,https://www.chaussuresonline.com/fr/chaussure/chausse-mouton/homme/chaussons-et-pantoufles/scottish-bleu-marine/4794201.awp,Homme,Chaussons et Pantoufles,Charentaises Hiver,Talon Plat- Moins de 4cm,Chausse normal,Feutrine,Laine tissée,Synthétique,Velours,Bleu Marine,4794201.0,SCOTTISH,MADE IN FRANCE
Homme,Charentaises,Chaussons et Pantoufles -Homme -Laine tissée -Rouge  -Charentaise -la maison de l espadrille,44.90 €,/CHAUSSURESONLINE_WEB/photos/Ico/4660501_1.jpg,https://www.chaussuresonline.com/fr/chaussure/la-maison-de-l-espadrille/homme/chaussons-et-pantoufles/109f-charentaise-homme-rouge/4660501.awp,Homme,Chaussons et Pantoufles,Charentaises Hiver,,Chausse normal,Feutrine,Laine tissée,Synthétique,Laine,Rouge,4660501.0,109F CHARENTAISE HOMME,MADE IN FRANCE
Homme,Charentaises,Chaussons et Pantoufles -Homme -Synthétique -Noir  -Charentaise -la maison de l espadrille,24.90 €,/CHAUSSURESONLINE_WEB/photos/Ico/4881901_1.jpg,https://www.chaussuresonline.com/fr/chaussure/la-maison-de-l-espadrille/homme/chaussons-et-pantoufles/7603-noir/4881901.awp,Homme,Chaussons et Pantoufles,Charentaises Hiver,Talon Plat- Moins de 4cm,Chausse normal,Gomme,Synthétique,Synthétique,Textile,Noir,4881901.0,7603,
Homme,Charentaises,Chaussons et Pantoufles -Homme -Laine tissée -Vert  -Charentaise -rondinaud,48.90 €,/CHAUSSURESONLINE_WEB/photos/Ico/4872601_1.jpg,https://www.chaussuresonline.com/fr/chaussure/rondinaud/homme/chaussons-et-pantoufles/caen-homme-exterieur-vert/4872601.awp,Homme,Chaussons et Pantoufles,Charentaises Hiver,Talon Plat- Moins de 4cm,Chausse normal,P.U.,Laine tissée,Textile,Laine,Vert,4872601.0,CAEN HOMME EXTERIEUR,MADE IN FRANCE
Homme,Charentaises,Chaussons et Pantoufles -Homme -Laine tissée -Rouge  -Charentaise -rondinaud,46.90 €,/CHAUSSURESONLINE_WEB/photos/Ico/4785301_1.jpg,https://www.chaussuresonline.com/fr/chaussure/rondinaud/homme/chaussons-et-pantoufles/calais-homme-rouge/4785301.awp,Homme,Chaussons et Pantoufles,Charentaises Hiver,Talon Plat- Moins de 4cm,Chausse normal,Feutrine,Laine tissée,Textile,,Rouge,4785301.0,CALAIS HOMME,MADE IN FRANCE
Homme,Charentaises,Chaussons et Pantoufles -Homme -Laine tissée -Anthracite  -Charentaise -rondinaud,45.00 €,/CHAUSSURESONLINE_WEB/photos/Ico/4786002_1.jpg,https://www.chaussuresonline.com/fr/chaussure/rondinaud/homme/chaussons-et-pantoufles/calmont-homme-anthracite/4786002.awp,Homme,Chaussons et Pantoufles,Charentaises Hiver,Talon Plat- Moins de 4cm,Chausse normal,Feutrine,Laine tissée,Textile,Laine,Anthracite,4786002.0,CALMONT HOMME,MADE IN FRANCE
Homme,Charentaises,Chaussons et Pantoufles -Homme -Laine tissée -Vert  -Charentaise -rondinaud,45.00 €,/CHAUSSURESONLINE_WEB/photos/Ico/4786003_1.jpg,https://www.chaussuresonline.com/fr/chaussure/rondinaud/homme/chaussons-et-pantoufles/calmont-homme-vert/4786003.awp,Homme,Chaussons et Pantoufles,Charentaises Hiver,Talon Plat- Moins de 4cm,Chausse normal,Feutrine,Laine tissée,Textile,Laine,Vert,4786003.0,CALMONT HOMME,MADE IN FRANCE
Homme,Charentaises,Chaussons et Pantoufles -Homme -Laine tissée -Gris  -Charentaise -rondinaud,45.00 €,/CHAUSSURESONLINE_WEB/photos/Ico/4786004_1.jpg,https://www.chaussuresonline.com/fr/chaussure/rondinaud/homme/chaussons-et-pantoufles/calmont-homme-gris/4786004.awp,Homme,Chaussons et Pantoufles,Charentaises Hiver,Talon Plat- Moins de 4cm,Chausse normal,Feutrine,Laine tissée,Textile,Laine,Gris,4786004.0,CALMONT HOMME,MADE IN FRANCE
Homme,Charentaises,Chaussons et Pantoufles -Homme -Laine tissée -Bleu Marine  -Charentaise -rondinaud,45.00 €,/CHAUSSURESONLINE_WEB/photos/Ico/4873301_1.jpg,https://www.chaussuresonline.com/fr/chaussure/rondinaud/homme/chaussons-et-pantoufles/calmont-homme-bleu-marine/4873301.awp,Homme,Chaussons et Pantoufles,Charentaises Hiver,Talon Plat- Moins de 4cm,Chausse normal,Feutrine,Laine tissée,Textile,Synthetique,Bleu Marine,4873301.0,CALMONT HOMME,MADE IN FRANCE
Homme,Charentaises,Chaussons et Pantoufles -Homme -Laine tissée -Bleu Marine  -Charentaise -semelflex,45.00 €,/CHAUSSURESONLINE_WEB/photos/Ico/4802201_1.jpg,https://www.chaussuresonline.com/fr/chaussure/semelflex/homme/chaussons-et-pantoufles/calolaurent-bleu-marine/4802201.awp,Homme,Chaussons et Pantoufles,Charentaises Hiver,Talon Plat- Moins de 4cm,Chausse normal,Gomme,Laine tissée,Synthétique,Synthetique,Bleu Marine,4802201.0,CALOLAURENT,
Homme,Charentaises,Chaussons et Pantoufles -Homme -Laine tissée -Noir  -Charentaise -rondinaud,55.00 €,/CHAUSSURESONLINE_WEB/photos/Ico/4785601_1.jpg,https://www.chaussuresonline.com/fr/chaussure/rondinaud/homme/chaussons-et-pantoufles/cambrai-homme-noir/4785601.awp,Homme,Chaussons et Pantoufles,Charentaises Hiver,Talon Plat- Moins de 4cm,Chausse normal,Feutrine,Laine tissée,Textile,Laine,Noir,4785601.0,CAMBRAI HOMME,MADE IN FRANCE
Homme,Charentaises,Chaussons et Pantoufles -Homme -Laine tissée -Marron  -Charentaise -rondinaud,55.00 €,/CHAUSSURESONLINE_WEB/photos/Ico/4873401_1.jpg,https://www.chaussuresonline.com/fr/chaussure/rondinaud/homme/chaussons-et-pantoufles/cambrai-homme-exterieur-marron/4873401.awp,Homme,Chaussons et Pantoufles,Charentaises Hiver,Talon Plat- Moins de 4cm,Chausse normal,Feutrine,Laine tissée,Textile,Laine,Marron,4873401.0,CAMBRAI HOMME EXTERIEUR,MADE IN FRANCE
Homme,Charentaises,Chaussons et Pantoufles -Homme -Laine tissée -Gris  -Charentaise -rondinaud,49.90 €,/CHAUSSURESONLINE_WEB/photos/Ico/4872701_1.jpg,https://www.chaussuresonline.com/fr/chaussure/rondinaud/homme/chaussons-et-pantoufles/casteras-homme-exterieur-gris/4872701.awp,Homme,Chaussons et Pantoufles,Charentaises Hiver,Talon Plat- Moins de 4cm,Chausse normal,Feutrine,Laine tissée,Textile,Laine,Gris,4872701.0,CASTERAS HOMME EXTERIEUR,MADE IN FRANCE
Homme,Charentaises,Chaussons et Pantoufles -Homme -Laine tissée -Bleu  -Charentaise -chausse mouton,49.90 €,/CHAUSSURESONLINE_WEB/photos/Ico/4914901_1.jpg,https://www.chaussuresonline.com/fr/chaussure/chausse-mouton/homme/chaussons-et-pantoufles/cotele-bleu/4914901.awp,Homme,Chaussons et Pantoufles,Charentaises Hiver,Talon Plat- Moins de 4cm,Chausse normal,Feutrine,Laine tissée,Synthétique,Velours,Bleu,4914901.0,COTELE,MADE IN FRANCE
Homme,Charentaises,Chaussons et Pantoufles -Homme -Laine tissée -Bleu  -Charentaise -chausse mouton,49.90 €,/CHAUSSURESONLINE_WEB/photos/Ico/4915001_1.jpg,https://www.chaussuresonline.com/fr/chaussure/chausse-mouton/homme/chaussons-et-pantoufles/doucement-bleu/4915001.awp,Homme,Chaussons et Pantoufles,Charentaises Hiver,Talon Plat- Moins de 4cm,Chausse normal,Feutrine,Laine tissée,Synthétique,Toile,Bleu,4915001.0,DOUCEMENT,MADE IN FRANCE
Homme,Charentaises,Chaussons et Pantoufles -Homme -Laine tissée -Gris  -Charentaise -la maison de l espadrille,34.90 €,/CHAUSSURESONLINE_WEB/photos/Ico/4768001_1.jpg,https://www.chaussuresonline.com/fr/chaussure/la-maison-de-l-espadrille/homme/chaussons-et-pantoufles/f4160-charentaise-gris/4768001.awp,Homme,Chaussons et Pantoufles,Charentaises Hiver,,Chausse normal,Feutrine,Laine tissée,Synthétique,Laine,Gris,4768001.0,F4160 CHARENTAISE,MADE IN FRANCE
Homme,Charentaises,Chaussons et Pantoufles -Homme -Laine tissée -Bleu  -Charentaise -rondinaud,49.90 €,/CHAUSSURESONLINE_WEB/photos/Ico/4876401_1.jpg,https://www.chaussuresonline.com/fr/chaussure/rondinaud/homme/chaussons-et-pantoufles/harper-homme-exterieur-bleu/4876401.awp,Homme,Chaussons et Pantoufles,Charentaises Hiver,Talon Plat- Moins de 4cm,Chausse normal,Feutrine,Laine tissée,Textile,Laine,Bleu,4876401.0,HARPER HOMME EXTERIEUR,MADE IN FRANCE
Homme,Charentaises,Chaussons et Pantoufles -Homme -Laine tissée -Bleu  -Charentaise -chausse mouton,49.90 €,/CHAUSSURESONLINE_WEB/photos/Ico/4915101_1.jpg,https://www.chaussuresonline.com/fr/chaussure/chausse-mouton/homme/chaussons-et-pantoufles/hypnotic-homme-bleu/4915101.awp,Homme,Chaussons et Pantoufles,Charentaises Hiver,Talon Plat- Moins de 4cm,Chausse normal,Feutrine,Laine tissée,Synthétique,Toile,Bleu,4915101.0,HYPNOTIC HOMME,MADE IN FRANCE
Homme,Charentaises,Chaussons et Pantoufles -Homme -Laine tissée -Orange  -Charentaise -rondinaud,49.90 €,/CHAUSSURESONLINE_WEB/photos/Ico/4872801_1.jpg,https://www.chaussuresonline.com/fr/chaussure/rondinaud/homme/chaussons-et-pantoufles/jules-homme-exterieur-orange/4872801.awp,Homme,Chaussons et Pantoufles,Charentaises Hiver,Talon Plat- Moins de 4cm,Chausse normal,Feutrine,Laine tissée,Textile,Laine,Orange,4872801.0,JULES HOMME EXTERIEUR,MADE IN FRANCE
Homme,Charentaises,Chaussons et Pantoufles -Homme -Laine tissée -Bleu Marine  -Charentaise -rondinaud,54.00 €,/CHAUSSURESONLINE_WEB/photos/Ico/4873001_1.jpg,https://www.chaussuresonline.com/fr/chaussure/rondinaud/homme/chaussons-et-pantoufles/mariniere-homme-bleu-marine/4873001.awp,Homme,Chaussons et Pantoufles,Charentaises Hiver,Talon Plat- Moins de 4cm,Chausse normal,Feutrine,Laine tissée,Textile,Laine,Bleu Marine,4873001.0,MARINIERE HOMME,MADE IN FRANCE
Homme,Charentaises,Chaussons et Pantoufles -Homme -Laine tissée -Marron  -Charentaise -rondinaud,54.90 €,/CHAUSSURESONLINE_WEB/photos/Ico/4876201_1.jpg,https://www.chaussuresonline.com/fr/chaussure/rondinaud/homme/chaussons-et-pantoufles/marius-homme-exterieur-marron/4876201.awp,Homme,Chaussons et Pantoufles,Charentaises Hiver,Talon Plat- Moins de 4cm,Chausse normal,Feutrine,Laine tissée,Textile,Laine,Marron,4876201.0,MARIUS HOMME EXTERIEUR,MADE IN FRANCE
Homme,Charentaises,Chaussons et Pantoufles -Homme -Textile -Rouge  -Charentaise -semelflex,44.75 €,/CHAUSSURESONLINE_WEB/photos/Ico/4886401_1.jpg,https://www.chaussuresonline.com/fr/chaussure/semelflex/homme/chaussons-et-pantoufles/pierre-chris-rouge/4886401.awp,Homme,Chaussons et Pantoufles,Charentaises Hiver,Talon Plat- Moins de 4cm,Chausse normal,Gomme,Textile,Synthétique,Laine,Rouge,4886401.0,PIERRE CHRIS,
Homme,Charentaises,Chaussons et Pantoufles -Homme -Textile -Noir  -Charentaise -semelflex,44.75 €,/CHAUSSURESONLINE_WEB/photos/Ico/4886501_1.jpg,https://www.chaussuresonline.com/fr/chaussure/semelflex/homme/chaussons-et-pantoufles/pierre-dick-noir/4886501.awp,Homme,Chaussons et Pantoufles,Charentaises Hiver,Talon Plat- Moins de 4cm,Chausse normal,Gomme,Textile,Synthétique,Laine,Noir,4886501.0,PIERRE DICK,
Homme,Charentaises,Chaussons et Pantoufles -Homme -Laine tissée -Bleu  -Charentaise -rondinaud,49.90 €,/CHAUSSURESONLINE_WEB/photos/Ico/4872901_1.jpg,https://www.chaussuresonline.com/fr/chaussure/rondinaud/homme/chaussons-et-pantoufles/remy-homme-exterieur-bleu/4872901.awp,Homme,Chaussons et Pantoufles,Charentaises Hiver,Talon Plat- Moins de 4cm,Chausse normal,Feutrine,Laine tissée,Textile,Laine,Bleu,4872901.0,REMY HOMME EXTERIEUR,MADE IN FRANCE
Homme,Charentaises,Chaussons et Pantoufles -Homme -Laine tissée -Jaune  -Charentaise -chausse mouton,49.90 €,/CHAUSSURESONLINE_WEB/photos/Ico/4915401_1.jpg,https://www.chaussuresonline.com/fr/chaussure/chausse-mouton/homme/chaussons-et-pantoufles/saguaro-jaune/4915401.awp,Homme,Chaussons et Pantoufles,Charentaises Hiver,Talon Plat- Moins de 4cm,Chausse normal,Feutrine,Laine tissée,Synthétique,Laine,Jaune,4915401.0,SAGUARO,MADE IN FRANCE
Homme,Charentaises,Chaussons et Pantoufles -Homme -Laine tissée -Beige  -Charentaise -chausse mouton,49.90 €,/CHAUSSURESONLINE_WEB/photos/Ico/4794301_1.jpg,https://www.chaussuresonline.com/fr/chaussure/chausse-mouton/homme/chaussons-et-pantoufles/stuart-exterieur-beige/4794301.awp,Homme,Chaussons et Pantoufles,Charentaises Hiver,Talon Plat- Moins de 4cm,Chausse normal,Crêpe,Laine tissée,Synthétique,Textile,Beige,4794301.0,STUART EXTERIEUR,MADE IN FRANCE
Homme,Charentaises,Chaussons et Pantoufles -Homme -Textile -Bleu  -Charentaise -semelflex,47.00 €,/CHAUSSURESONLINE_WEB/photos/Ico/4693701_1.jpg,https://www.chaussuresonline.com/fr/chaussure/semelflex/homme/chaussons-et-pantoufles/super-remy-homme-bleu/4693701.awp,Homme,Chaussons et Pantoufles,Charentaises Hiver,Talon Plat- Moins de 4cm,Chausse normal,Gomme,Textile,Synthétique,Synthetique,Bleu,4693701.0,SUPER REMY HOMME,
Homme,Charentaises,Chaussons et Pantoufles -Homme -Laine tissée -Rouge  -Charentaise -chiceasy,49.00 €,/CHAUSSURESONLINE_WEB/photos/Ico/4888601_1.jpg,https://www.chaussuresonline.com/fr/chaussure/chiceasy/homme/chaussons-et-pantoufles/will1-rouge/4888601.awp,Homme,Chaussons et Pantoufles,Charentaises Hiver,Talon Plat- Moins de 4cm,Chausse normal,Feutrine,Laine tissée,Synthétique,,Rouge,4888601.0,WILL1,
Homme,Charentaises,Chaussons et Pantoufles -Homme -Laine tissée -Vert  -Charentaise -chiceasy,45.00 €,/CHAUSSURESONLINE_WEB/photos/Ico/4888602_1.jpg,https://www.chaussuresonline.com/fr/chaussure/chiceasy/homme/chaussons-et-pantoufles/will1-vert/4888602.awp,Homme,Chaussons et Pantoufles,Charentaises Hiver,Talon Plat- Moins de 4cm,Chausse normal,Feutrine,Laine tissée,Synthétique,,Vert,4888602.0,WILL1,
Enfant,Bebe Fille,Chaussons et Pantoufles -Bébé Fille -Cuir -Rose  -Semelle souple -robeez,22.20 €37.00 €,/CHAUSSURESONLINE_WEB/photos/Ico/6774501_1.jpg,https://www.chaussuresonline.com/fr/chaussure/robeez/bebe-fille/chaussons-et-pantoufles/circus-style-rose/6774501.awp,Bébé Fille,Chaussons et Pantoufles,Semelle souple,Talon Plat- Moins de 4cm,Chausse normal,Gomme,Cuir,Cuir,Cuir laminé,Rose,6774501.0,CIRCUS STYLE,
Enfant,Bebe Fille,Chaussons et Pantoufles -Bébé Fille -Cuir -Marron  -Semelle souple -robeez,22.20 €37.00 €,/CHAUSSURESONLINE_WEB/photos/Ico/5675101_1.jpg,https://www.chaussuresonline.com/fr/chaussure/robeez/bebe-fille/chaussons-et-pantoufles/faon-faon-marron/5675101.awp,Bébé Fille,Chaussons et Pantoufles,Semelle souple,Talon Plat- Moins de 4cm,Chausse normal,Gomme,Cuir,Cuir,Cuir,Marron,5675101.0,FAON FAON,
Enfant,Bebe Fille,Chaussons et Pantoufles -Bébé Fille - -Rose  -Semelle souple -robeez,22.20 €37.00 €,/CHAUSSURESONLINE_WEB/photos/Ico/7319601_1.jpg,https://www.chaussuresonline.com/fr/chaussure/robeez/bebe-fille/chaussons-et-pantoufles/mouse-nose-rose/7319601.awp,Bébé Fille,Chaussons et Pantoufles,Semelle souple,,Chausse normal,,,,Cuir laminé,Rose,7319601.0,MOUSE NOSE,
Enfant,Bebe Fille,Chaussons et Pantoufles -Bébé Fille -Textile -Multicolor  --bellamy,18.30 €36.50 €,/CHAUSSURESONLINE_WEB/photos/Ico/6773201_1.jpg,https://www.chaussuresonline.com/fr/chaussure/bellamy/bebe-fille/chaussons-et-pantoufles/pili-multicolor/6773201.awp,Bébé Fille,Chaussons et Pantoufles,,Talon Plat- Moins de 4cm,Chausse normal,Gomme,Textile,Toile,Toile,Multicolor,6773201.0,PILI,
Enfant,Bebe Fille,Chaussons et Pantoufles -Bébé Fille -Cuir -Rose  -Semelle souple -robeez,16.00 €32.00 €,/CHAUSSURESONLINE_WEB/photos/Ico/6774401_1.jpg,https://www.chaussuresonline.com/fr/chaussure/robeez/bebe-fille/chaussons-et-pantoufles/sunny-spring-rose/6774401.awp,Bébé Fille,Chaussons et Pantoufles,Semelle souple,Talon Plat- Moins de 4cm,Chausse normal,Gomme,Cuir,Cuir,Cuir,Rose,6774401.0,SUNNY SPRING,
Enfant,Bebe Fille,Chaussons et Pantoufles -Bébé Fille -Synthétique -Rose  -Semelle souple -superfit,34.95 €,/CHAUSSURESONLINE_WEB/photos/Ico/5710101_1.jpg,https://www.chaussuresonline.com/fr/chaussure/superfit/bebe-fille/chaussons-et-pantoufles/belinda-rose/5710101.awp,Bébé Fille,Chaussons et Pantoufles,Semelle souple,Talon Plat- Moins de 4cm,,Elastomère,Synthétique,Synthétique,Synthetique,Rose,5710101.0,BELINDA,
Enfant,Bebe Fille,Chaussons et Pantoufles -Bébé Fille -Cuir -Rose  -Semelle souple -robeez,37.00 €,/CHAUSSURESONLINE_WEB/photos/Ico/5675301_1.jpg,https://www.chaussuresonline.com/fr/chaussure/robeez/bebe-fille/chaussons-et-pantoufles/sweet-owl-rose/5675301.awp,Bébé Fille,Chaussons et Pantoufles,Semelle souple,Talon Plat- Moins de 4cm,Chausse normal,Gomme,Cuir,Cuir,Cuir,Rose,5675301.0,SWEET OWL,
Enfant,Bebe Fille,Chaussons et Pantoufles -Bébé Fille -Textile -Rose  --bellamy,36.00 €,/CHAUSSURESONLINE_WEB/photos/Ico/7259501_1.jpg,https://www.chaussuresonline.com/fr/chaussure/bellamy/bebe-fille/chaussons-et-pantoufles/tafa-rose/7259501.awp,Bébé Fille,Chaussons et Pantoufles,,,Chausse normal,Gomme,Textile,Toile,Toile,Rose,7259501.0,TAFA,MADE IN FRANCE
Enfant,Bebe Fille,Chaussons et Pantoufles -Bébé Fille -Textile -Bleu  --bellamy,12.00 €30.00 €,/CHAUSSURESONLINE_WEB/photos/Ico/5133901_1.jpg,https://www.chaussuresonline.com/fr/chaussure/bellamy/bebe-fille/chaussons-et-pantoufles/tania-bleu/5133901.awp,Bébé Fille,Chaussons et Pantoufles,,,Chausse petit,Gomme,Textile,Cuir,Velours,Bleu,5133901.0,TANIA,
Enfant,Bebe Fille,Chaussons et Pantoufles -Bébé Fille - -Bleu  --bellamy,12.80 €32.00 €,/CHAUSSURESONLINE_WEB/photos/Ico/5218601_1.jpg,https://www.chaussuresonline.com/fr/chaussure/bellamy/bebe-fille/chaussons-et-pantoufles/kelly-bleu/5218601.awp,Bébé Fille,Chaussons et Pantoufles,,,Chausse normal,,,,Velours,Bleu,5218601.0,KELLY,
Enfant,Bebe Fille,Chaussons et Pantoufles -Bébé Fille -Foururre synthétique -Rose  --ugg australia,54.95 €,/CHAUSSURESONLINE_WEB/photos/Ico/5412201_1.jpg,https://www.chaussuresonline.com/fr/chaussure/ugg-australia/bebe-fille/chaussons-et-pantoufles/bixbee-lama-rose/5412201.awp,Bébé Fille,Chaussons et Pantoufles,,Talon Plat- Moins de 4cm,Chausse normal,Gomme,Foururre synthétique,Synthétique,Synthetique,Rose,5412201.0,BIXBEE LAMA,
Enfant,Bebe Fille,Chaussons et Pantoufles -Bébé Fille -Cuir -Rose  --bellamy,16.50 €33.00 €,/CHAUSSURESONLINE_WEB/photos/Ico/5425801_1.jpg,https://www.chaussuresonline.com/fr/chaussure/bellamy/bebe-fille/chaussons-et-pantoufles/mini-rose/5425801.awp,Bébé Fille,Chaussons et Pantoufles,,,Chausse normal,Gomme,Cuir,Toile,Toile,Rose,5425801.0,MINI,MADE IN FRANCE
Enfant,Bebe Fille,Chaussons et Pantoufles -Bébé Fille -Textile -Rose  --giesswein,20.00 €39.90 €,/CHAUSSURESONLINE_WEB/photos/Ico/4777401_1.jpg,https://www.chaussuresonline.com/fr/chaussure/giesswein/bebe-fille/chaussons-et-pantoufles/salsach-rose/4777401.awp,Bébé Fille,Chaussons et Pantoufles,,Talon Plat- Moins de 4cm,Chausse normal,Gomme,Textile,Toile,Toile,Rose,4777401.0,SALSACH,
Enfant,Bebe Fille,Chaussons et Pantoufles -Bébé Fille - -Rose  -Semelle souple -robeez,32.00 €,/CHAUSSURESONLINE_WEB/photos/Ico/5522701_1.jpg,https://www.chaussuresonline.com/fr/chaussure/robeez/bebe-fille/chaussons-et-pantoufles/cameo-color-rose/5522701.awp,Bébé Fille,Chaussons et Pantoufles,Semelle souple,,Chausse normal,,,,Cuir,Rose,5522701.0,CAMEO COLOR,
Enfant,Bebe Fille,Chaussons et Pantoufles -Bébé Fille - -Beige  -Semelle souple -robeez,32.00 €,/CHAUSSURESONLINE_WEB/photos/Ico/5403901_1.jpg,https://www.chaussuresonline.com/fr/chaussure/robeez/bebe-fille/chaussons-et-pantoufles/cute-auk-beige/5403901.awp,Bébé Fille,Chaussons et Pantoufles,Semelle souple,,Chausse normal,,,,Cuir,Beige,5403901.0,CUTE AUK,
Enfant,Bebe Fille,Chaussons et Pantoufles -Bébé Fille - -Gris  -Semelle souple -robeez,32.00 €,/CHAUSSURESONLINE_WEB/photos/Ico/5403101_1.jpg,https://www.chaussuresonline.com/fr/chaussure/robeez/bebe-fille/chaussons-et-pantoufles/fancy-snow-gris/5403101.awp,Bébé Fille,Chaussons et Pantoufles,Semelle souple,,Chausse normal,,,,Cuir,Gris,5403101.0,FANCY SNOW,
Enfant,Bebe Fille,Chaussons et Pantoufles -Bébé Fille - -Gris  -Semelle souple -robeez,32.00 €,/CHAUSSURESONLINE_WEB/photos/Ico/5522901_1.jpg,https://www.chaussuresonline.com/fr/chaussure/robeez/bebe-fille/chaussons-et-pantoufles/flower-dolls-gris/5522901.awp,Bébé Fille,Chaussons et Pantoufles,Semelle souple,,Chausse normal,,,,Cuir,Gris,5522901.0,FLOWER DOLLS,
Enfant,Bebe Fille,Chaussons et Pantoufles -Bébé Fille - -Bleu Marine  -Semelle souple -robeez,32.00 €,/CHAUSSURESONLINE_WEB/photos/Ico/5403301_1.jpg,https://www.chaussuresonline.com/fr/chaussure/robeez/bebe-fille/chaussons-et-pantoufles/glow-unicorn-bleu-marine/5403301.awp,Bébé Fille,Chaussons et Pantoufles,Semelle souple,,Chausse normal,,,,Cuir,Bleu Marine,5403301.0,GLOW UNICORN,
Enfant,Bebe Fille,Chaussons et Pantoufles -Bébé Fille -Cuir -Rose  --bellamy,34.00 €,/CHAUSSURESONLINE_WEB/photos/Ico/5425702_1.jpg,https://www.chaussuresonline.com/fr/chaussure/bellamy/bebe-fille/chaussons-et-pantoufles/majeste-rose/5425702.awp,Bébé Fille,Chaussons et Pantoufles,,,Chausse normal,Gomme,Cuir,Toile,Toile,Rose,5425702.0,MAJESTE,MADE IN FRANCE
Enfant,Bebe Fille,Chaussons et Pantoufles -Bébé Fille -Textile -Rose  --bellamy,34.00 €,/CHAUSSURESONLINE_WEB/photos/Ico/7259601_1.jpg,https://www.chaussuresonline.com/fr/chaussure/bellamy/bebe-fille/chaussons-et-pantoufles/mimi-rose/7259601.awp,Bébé Fille,Chaussons et Pantoufles,,,Chausse normal,Gomme,Textile,Toile,Toile,Rose,7259601.0,MIMI,MADE IN FRANCE
Enfant,Bebe Garcon,Chaussons et Pantoufles -Bébé Garçon -Cuir -Bleu Marine  -Semelle souple -robeez,22.20 €37.00 €,/CHAUSSURESONLINE_WEB/photos/Ico/5636301_1.jpg,https://www.chaussuresonline.com/fr/chaussure/robeez/bebe-garcon/chaussons-et-pantoufles/forest-game-bleu-marine/5636301.awp,Bébé Garçon,Chaussons et Pantoufles,Semelle souple,Talon Plat- Moins de 4cm,Chausse normal,Gomme,Cuir,Cuir,Cuir,Bleu Marine,5636301.0,FOREST GAME,
Enfant,Bebe Garcon,Chaussons et Pantoufles -Bébé Garçon -Cuir -Marron  -Semelle souple -robeez,16.00 €32.00 €,/CHAUSSURESONLINE_WEB/photos/Ico/6774201_1.jpg,https://www.chaussuresonline.com/fr/chaussure/robeez/bebe-garcon/chaussons-et-pantoufles/leo-miror-marron/6774201.awp,Bébé Garçon,Chaussons et Pantoufles,Semelle souple,Talon Plat- Moins de 4cm,Chausse normal,Gomme,Cuir,Cuir,Cuir,Marron,6774201.0,LEO MIROR,
Enfant,Bebe Garcon,Chaussons et Pantoufles -Bébé Garçon -Textile -Multicolor  --bellamy,18.30 €36.50 €,/CHAUSSURESONLINE_WEB/photos/Ico/6773401_1.jpg,https://www.chaussuresonline.com/fr/chaussure/bellamy/bebe-garcon/chaussons-et-pantoufles/paul-multicolor/6773401.awp,Bébé Garçon,Chaussons et Pantoufles,,Talon Plat- Moins de 4cm,Chausse normal,Gomme,Textile,Toile,Toile,Multicolor,6773401.0,PAUL,
Enfant,Bebe Garcon,Chaussons et Pantoufles -Bébé Garçon -Cuir -Bleu  -Semelle souple -robeez,16.00 €32.00 €,/CHAUSSURESONLINE_WEB/photos/Ico/6774301_1.jpg,https://www.chaussuresonline.com/fr/chaussure/robeez/bebe-garcon/chaussons-et-pantoufles/sweet-octopus-bleu/6774301.awp,Bébé Garçon,Chaussons et Pantoufles,Semelle souple,Talon Plat- Moins de 4cm,Chausse normal,Gomme,Cuir,Cuir,Cuir,Bleu,6774301.0,SWEET OCTOPUS,
Enfant,Bebe Garcon,Chaussons et Pantoufles -Bébé Garçon -Synthétique -Noir  -Semelle souple -superfit,33.95 €,/CHAUSSURESONLINE_WEB/photos/Ico/5710001_1.jpg,https://www.chaussuresonline.com/fr/chaussure/superfit/bebe-garcon/chaussons-et-pantoufles/bill-noir/5710001.awp,Bébé Garçon,Chaussons et Pantoufles,Semelle souple,Talon Plat- Moins de 4cm,,Elastomère,Synthétique,Synthétique,Synthetique,Noir,5710001.0,BILL,
Enfant,Bebe Garcon,Chaussons et Pantoufles -Bébé Garçon -Cuir -Bleu  -Semelle souple -robeez,37.00 €,/CHAUSSURESONLINE_WEB/photos/Ico/5674901_1.jpg,https://www.chaussuresonline.com/fr/chaussure/robeez/bebe-garcon/chaussons-et-pantoufles/holldino-bleu/5674901.awp,Bébé Garçon,Chaussons et Pantoufles,Semelle souple,Talon Plat- Moins de 4cm,Chausse normal,Gomme,Cuir,Cuir,Cuir,Bleu,5674901.0,HOLLDINO,
Enfant,Bebe Garcon,Chaussons et Pantoufles -Bébé Garçon - -Bleu Marine  --bellamy,18.00 €45.00 €,/CHAUSSURESONLINE_WEB/photos/Ico/9994402_1.jpg,https://www.chaussuresonline.com/fr/chaussure/bellamy/bebe-garcon/chaussons-et-pantoufles/number-bleu-marine/9994402.awp,Bébé Garçon,Chaussons et Pantoufles,,,Chausse normal,,,,Cuir,Bleu Marine,9994402.0,NUMBER,
Enfant,Bebe Garcon,Chaussons et Pantoufles -Bébé Garçon - -Bleu  --bellamy,10.00 €25.00 €,/CHAUSSURESONLINE_WEB/photos/Ico/9993102_1.jpg,https://www.chaussuresonline.com/fr/chaussure/bellamy/bebe-garcon/chaussons-et-pantoufles/parmy-garcon-bleu/9993102.awp,Bébé Garçon,Chaussons et Pantoufles,,,Chausse normal,,,,Velours,Bleu,9993102.0,PARMY GARCON,
Enfant,Bebe Garcon,Chaussons et Pantoufles -Bébé Garçon - -Bleu  --bellamy,13.00 €32.50 €,/CHAUSSURESONLINE_WEB/photos/Ico/5316701_1.jpg,https://www.chaussuresonline.com/fr/chaussure/bellamy/bebe-garcon/chaussons-et-pantoufles/vertou-bleu/5316701.awp,Bébé Garçon,Chaussons et Pantoufles,,,Chausse normal,,,,Toile,Bleu,5316701.0,VERTOU,
Enfant,Bebe Garcon,Chaussons et Pantoufles -Bébé Garçon -Cuir -Bleu  --robeez,19.50 €39.00 €,/CHAUSSURESONLINE_WEB/photos/Ico/5402301_1.jpg,https://www.chaussuresonline.com/fr/chaussure/robeez/bebe-garcon/chaussons-et-pantoufles/freestyle-bear-bleu/5402301.awp,Bébé Garçon,Chaussons et Pantoufles,,,Chausse normal,Gomme,Cuir,Cuir,Cuir,Bleu,5402301.0,FREESTYLE BEAR,
Enfant,Bebe Garcon,Chaussons et Pantoufles -Bébé Garçon -Synthétique -Beige  --la maison de l espadrille,13.50 €27.00 €,/CHAUSSURESONLINE_WEB/photos/Ico/7205401_1.jpg,https://www.chaussuresonline.com/fr/chaussure/la-maison-de-l-espadrille/bebe-garcon/chaussons-et-pantoufles/g117-gaston-la-gaffe-beige/7205401.awp,Bébé Garçon,Chaussons et Pantoufles,,,Chausse normal,Caoutchouc,Synthétique,Synthétique,Textile,Beige,7205401.0,G117 GASTON LA GAFFE,
Enfant,Bebe Garcon,Chaussons et Pantoufles -Bébé Garçon - -Bleu  --bellamy,16.30 €32.50 €,/CHAUSSURESONLINE_WEB/photos/Ico/5426601_1.jpg,https://www.chaussuresonline.com/fr/chaussure/bellamy/bebe-garcon/chaussons-et-pantoufles/matou-bleu/5426601.awp,Bébé Garçon,Chaussons et Pantoufles,,,Chausse normal,,,,Toile,Bleu,5426601.0,MATOU,
Enfant,Bebe Garcon,Chaussons et Pantoufles -Bébé Garçon - -Bleu  --bellamy,18.50 €37.00 €,/CHAUSSURESONLINE_WEB/photos/Ico/5427001_1.jpg,https://www.chaussuresonline.com/fr/chaussure/bellamy/bebe-garcon/chaussons-et-pantoufles/miro-bleu/5427001.awp,Bébé Garçon,Chaussons et Pantoufles,,,Chausse normal,,,,Toile,Bleu,5427001.0,MIRO,
Enfant,Bebe Garcon,Chaussons et Pantoufles -Bébé Garçon -Cuir -Anthracite  --robeez,32.00 €,/CHAUSSURESONLINE_WEB/photos/Ico/5522201_1.jpg,https://www.chaussuresonline.com/fr/chaussure/robeez/bebe-garcon/chaussons-et-pantoufles/firetale-anthracite/5522201.awp,Bébé Garçon,Chaussons et Pantoufles,,,Chausse normal,Gomme,Cuir,Cuir,Cuir,Anthracite,5522201.0,FIRETALE,
Enfant,Bebe Garcon,Chaussons et Pantoufles -Bébé Garçon - -Bleu  --bellamy,34.00 €,/CHAUSSURESONLINE_WEB/photos/Ico/5427401_1.jpg,https://www.chaussuresonline.com/fr/chaussure/bellamy/bebe-garcon/chaussons-et-pantoufles/magma-bleu/5427401.awp,Bébé Garçon,Chaussons et Pantoufles,,,Chausse normal,,,,Toile,Bleu,5427401.0,MAGMA,
Enfant,Bebe Garcon,Chaussons et Pantoufles -Bébé Garçon -Cuir -Bleu  --robeez,39.00 €,/CHAUSSURESONLINE_WEB/photos/Ico/5522601_1.jpg,https://www.chaussuresonline.com/fr/chaussure/robeez/bebe-garcon/chaussons-et-pantoufles/mini-galactic-bleu/5522601.awp,Bébé Garçon,Chaussons et Pantoufles,,,Chausse normal,Gomme,Cuir,Cuir,Cuir,Bleu,5522601.0,MINI GALACTIC,
Enfant,Bebe Garcon,Chaussons et Pantoufles -Bébé Garçon - -Gris  --bellamy,34.00 €,/CHAUSSURESONLINE_WEB/photos/Ico/7260401_1.jpg,https://www.chaussuresonline.com/fr/chaussure/bellamy/bebe-garcon/chaussons-et-pantoufles/talent-gris/7260401.awp,Bébé Garçon,Chaussons et Pantoufles,,,Chausse normal,,,,Synthetique,Gris,7260401.0,TALENT,
Enfant,Bebe Garcon,Chaussons et Pantoufles -Bébé Garçon - -Gris  --bellamy,36.00 €,/CHAUSSURESONLINE_WEB/photos/Ico/7255602_1.jpg,https://www.chaussuresonline.com/fr/chaussure/bellamy/bebe-garcon/chaussons-et-pantoufles/tebo-gris/7255602.awp,,,,,,,,,,,,,
Enfant,Bebe Garcon,Chaussons et Pantoufles -Bébé Garçon - -Gris  --bellamy,36.00 €,/CHAUSSURESONLINE_WEB/photos/Ico/7260001_1.jpg,https://www.chaussuresonline.com/fr/chaussure/bellamy/bebe-garcon/chaussons-et-pantoufles/teki-gris/7260001.awp,,,,,,,,,,,,,
Enfant,Bebe Garcon,Chaussons et Pantoufles -Bébé Garçon - -Gris  --bellamy,36.00 €,/CHAUSSURESONLINE_WEB/photos/Ico/7255401_1.jpg,https://www.chaussuresonline.com/fr/chaussure/bellamy/bebe-garcon/chaussons-et-pantoufles/tela-gris/7255401.awp,Bébé Garçon,Chaussons et Pantoufles,,,Chausse normal,,,,Synthetique,Gris,7255401.0,TELA,
