Categorie,Sous-categorie,Nom,Prix,Image,Lien
Femme,Charentaises,Chaussons et Pantoufles -Femme -Foururre synthétique -Kaki  -Charentaise -la maison de l espadrille,28.00 €,/CHAUSSURESONLINE_WEB/photos/Ico/4916102_1.jpg,https://www.chaussuresonline.com/fr/chaussure/la-maison-de-l-espadrille/femme/chaussons-et-pantoufles/7635-neo-charentaise-kaki/4916102.awp
Femme,Charentaises,Chaussons et Pantoufles -Femme -Foururre synthétique -Orange  -Charentaise -la maison de l espadrille,28.00 €,/CHAUSSURESONLINE_WEB/photos/Ico/4916103_1.jpg,https://www.chaussuresonline.com/fr/chaussure/la-maison-de-l-espadrille/femme/chaussons-et-pantoufles/7635-neo-charentaise-orange/4916103.awp
Femme,Charentaises,Chaussons et Pantoufles -Femme -Foururre synthétique -Bleu Marine  -Charentaise -la maison de l espadrille,28.00 €,/CHAUSSURESONLINE_WEB/photos/Ico/4916106_1.jpg,https://www.chaussuresonline.com/fr/chaussure/la-maison-de-l-espadrille/femme/chaussons-et-pantoufles/7635-neo-charentaise-bleu-marine/4916106.awp
Femme,Charentaises,Chaussons et Pantoufles -Femme -Foururre synthétique -Gris  -Charentaise -la maison de l espadrille,39.99 €,/CHAUSSURESONLINE_WEB/photos/Ico/4770501_1.jpg,https://www.chaussuresonline.com/fr/chaussure/la-maison-de-l-espadrille/femme/chaussons-et-pantoufles/f4131-charentaise-chat-gris/4770501.awp
Femme,Charentaises,Chaussons et Pantoufles -Femme -Laine tissée -Rose  -Charentaise -la maison de l espadrille,11.60 €29.00 €,/CHAUSSURESONLINE_WEB/photos/Ico/4415402_1.jpg,https://www.chaussuresonline.com/fr/chaussure/la-maison-de-l-espadrille/femme/chaussons-et-pantoufles/7664-rose/4415402.awp
Femme,Charentaises,Chaussons et Pantoufles -Femme -Foururre synthétique -Noir  -Charentaise -la maison de l espadrille,24.90 €,/CHAUSSURESONLINE_WEB/photos/Ico/4770901_1.jpg,https://www.chaussuresonline.com/fr/chaussure/la-maison-de-l-espadrille/femme/chaussons-et-pantoufles/7649-chat-noir/4770901.awp
Femme,Charentaises,Chaussons et Pantoufles -Femme -Textile -Divers  -Charentaise -isotoner,39.90 €,/CHAUSSURESONLINE_WEB/photos/Ico/4854901_1.jpg,https://www.chaussuresonline.com/fr/chaussure/isotoner/femme/chaussons-et-pantoufles/97267-girafe-divers/4854901.awp
Femme,Charentaises,Chaussons et Pantoufles -Femme -Textile -Noir  -Charentaise -isotoner,39.90 €,/CHAUSSURESONLINE_WEB/photos/Ico/7215901_1.jpg,https://www.chaussuresonline.com/fr/chaussure/isotoner/femme/chaussons-et-pantoufles/97310-noir/7215901.awp
Femme,Charentaises,Chaussons et Pantoufles -Femme -Laine tissée -Jaune  -Charentaise -rondinaud,42.90 €,/CHAUSSURESONLINE_WEB/photos/Ico/4864801_1.jpg,https://www.chaussuresonline.com/fr/chaussure/rondinaud/femme/chaussons-et-pantoufles/anouk-exterieur-femme-jaune/4864801.awp
Femme,Charentaises,Chaussons et Pantoufles -Femme -Laine tissée -Jaune  -Charentaise -rondinaud,42.90 €,/CHAUSSURESONLINE_WEB/photos/Ico/4786501_1.jpg,https://www.chaussuresonline.com/fr/chaussure/rondinaud/femme/chaussons-et-pantoufles/anouk-femme-jaune/4786501.awp
Femme,Charentaises,Chaussons et Pantoufles -Femme -Laine tissée -Beige  -Charentaise -rondinaud,39.90 €,/CHAUSSURESONLINE_WEB/photos/Ico/4787201_1.jpg,https://www.chaussuresonline.com/fr/chaussure/rondinaud/femme/chaussons-et-pantoufles/cahors-femme-beige/4787201.awp
Femme,Charentaises,Chaussons et Pantoufles -Femme -Laine tissée -Gris  -Charentaise -semelflex,39.90 €,/CHAUSSURESONLINE_WEB/photos/Ico/4802601_1.jpg,https://www.chaussuresonline.com/fr/chaussure/semelflex/femme/chaussons-et-pantoufles/calolydie-gris/4802601.awp
Femme,Charentaises,Chaussons et Pantoufles -Femme -Laine tissée -Orange  -Charentaise -chausse mouton,49.00 €,/CHAUSSURESONLINE_WEB/photos/Ico/4846701_1.jpg,https://www.chaussuresonline.com/fr/chaussure/chausse-mouton/femme/chaussons-et-pantoufles/cest-le-pied-orange/4846701.awp
Femme,Charentaises,Chaussons et Pantoufles -Femme -Laine tissée -Vert  -Charentaise -rondinaud,39.90 €,/CHAUSSURESONLINE_WEB/photos/Ico/4786301_1.jpg,https://www.chaussuresonline.com/fr/chaussure/rondinaud/femme/chaussons-et-pantoufles/iris-femme-vert/4786301.awp
Femme,Charentaises,Chaussons et Pantoufles -Femme -Laine tissée -Jaune  -Charentaise -chausse mouton,47.00 €,/CHAUSSURESONLINE_WEB/photos/Ico/4846601_1.jpg,https://www.chaussuresonline.com/fr/chaussure/chausse-mouton/femme/chaussons-et-pantoufles/kyoto-jaune/4846601.awp
Femme,Charentaises,Chaussons et Pantoufles -Femme -Laine tissée -Bleu  -Charentaise -chausse mouton,47.00 €,/CHAUSSURESONLINE_WEB/photos/Ico/4846602_1.jpg,https://www.chaussuresonline.com/fr/chaussure/chausse-mouton/femme/chaussons-et-pantoufles/kyoto-bleu/4846602.awp
Femme,Charentaises,Chaussons et Pantoufles -Femme -Laine tissée -Or  -Charentaise -rondinaud,39.90 €,/CHAUSSURESONLINE_WEB/photos/Ico/4787101_1.jpg,https://www.chaussuresonline.com/fr/chaussure/rondinaud/femme/chaussons-et-pantoufles/marion-femme-or/4787101.awp
Femme,Charentaises,Chaussons et Pantoufles -Femme -Laine tissée - -Charentaise -chausse mouton,49.00 €,/CHAUSSURESONLINE_WEB/photos/Ico/4793901_1.jpg,https://www.chaussuresonline.com/fr/chaussure/chausse-mouton/femme/chaussons-et-pantoufles/melrose-/4793901.awp
Femme,Charentaises,Chaussons et Pantoufles -Femme -Laine tissée -Fleurs  -Charentaise -rondinaud,39.90 €,/CHAUSSURESONLINE_WEB/photos/Ico/4786401_1.jpg,https://www.chaussuresonline.com/fr/chaussure/rondinaud/femme/chaussons-et-pantoufles/pauline-femme-fleurs/4786401.awp
Femme,Charentaises,Chaussons et Pantoufles -Femme -Laine tissée - -Charentaise -rondinaud,39.90 €,/CHAUSSURESONLINE_WEB/photos/Ico/4786901_1.jpg,https://www.chaussuresonline.com/fr/chaussure/rondinaud/femme/chaussons-et-pantoufles/sandy-femme-/4786901.awp
Femme,Charentaises,Chaussons et Pantoufles -Femme -Laine tissée -Noir  -Charentaise -chausse mouton,49.00 €,/CHAUSSURESONLINE_WEB/photos/Ico/4793701_1.jpg,https://www.chaussuresonline.com/fr/chaussure/chausse-mouton/femme/chaussons-et-pantoufles/tweed-noir/4793701.awp
Femme,Charentaises,Chaussons et Pantoufles -Femme -Laine tissée -Fleurs  -Charentaise -la maison de l espadrille,28.90 €,/CHAUSSURESONLINE_WEB/photos/Ico/4879901_1.jpg,https://www.chaussuresonline.com/fr/chaussure/la-maison-de-l-espadrille/femme/chaussons-et-pantoufles/7632-fleurs/4879901.awp
Femme,Charentaises,Chaussons et Pantoufles -Femme -Foururre synthétique -Marron  -Charentaise -la maison de l espadrille,28.00 €,/CHAUSSURESONLINE_WEB/photos/Ico/4916101_1.jpg,https://www.chaussuresonline.com/fr/chaussure/la-maison-de-l-espadrille/femme/chaussons-et-pantoufles/7635-neo-charentaise-marron/4916101.awp
Femme,Charentaises,Chaussons et Pantoufles -Femme -Foururre synthétique -Jaune  -Charentaise -la maison de l espadrille,28.00 €,/CHAUSSURESONLINE_WEB/photos/Ico/4916104_1.jpg,https://www.chaussuresonline.com/fr/chaussure/la-maison-de-l-espadrille/femme/chaussons-et-pantoufles/7635-neo-charentaise-jaune/4916104.awp
Femme,Charentaises,Chaussons et Pantoufles -Femme -Foururre synthétique -Anthracite  -Charentaise -la maison de l espadrille,28.00 €,/CHAUSSURESONLINE_WEB/photos/Ico/4916105_1.jpg,https://www.chaussuresonline.com/fr/chaussure/la-maison-de-l-espadrille/femme/chaussons-et-pantoufles/7635-neo-charentaise-anthracite/4916105.awp
Femme,Charentaises,Chaussons et Pantoufles -Femme -Laine tissée -Noir  -Charentaise -la maison de l espadrille,29.90 €,/CHAUSSURESONLINE_WEB/photos/Ico/4879801_1.jpg,https://www.chaussuresonline.com/fr/chaussure/la-maison-de-l-espadrille/femme/chaussons-et-pantoufles/7640-noir/4879801.awp
Femme,Charentaises,Chaussons et Pantoufles -Femme -Textile -Anthracite  -Charentaise -isotoner,42.90 €,/CHAUSSURESONLINE_WEB/photos/Ico/4915601_1.jpg,https://www.chaussuresonline.com/fr/chaussure/isotoner/femme/chaussons-et-pantoufles/97352-chat-anthracite/4915601.awp
Femme,Charentaises,Chaussons et Pantoufles -Femme -Laine tissée -Bleu Marine  -Charentaise -rondinaud,49.90 €,/CHAUSSURESONLINE_WEB/photos/Ico/4876501_1.jpg,https://www.chaussuresonline.com/fr/chaussure/rondinaud/femme/chaussons-et-pantoufles/adam-femme-exterieur-bleu-marine/4876501.awp
Femme,Charentaises,Chaussons et Pantoufles -Femme -Laine tissée -Bleu Marine  -Charentaise -rondinaud,49.90 €,/CHAUSSURESONLINE_WEB/photos/Ico/4876801_1.jpg,https://www.chaussuresonline.com/fr/chaussure/rondinaud/femme/chaussons-et-pantoufles/adele-femme-exterieur-bleu-marine/4876801.awp
Femme,Charentaises,Chaussons et Pantoufles -Femme -Laine tissée -Gris  -Charentaise -semelflex,43.75 €,/CHAUSSURESONLINE_WEB/photos/Ico/4886201_1.jpg,https://www.chaussuresonline.com/fr/chaussure/semelflex/femme/chaussons-et-pantoufles/autran-gris/4886201.awp
Femme,Charentaises,Chaussons et Pantoufles -Femme -Laine tissée -Rose  -Charentaise -rondinaud,43.00 €,/CHAUSSURESONLINE_WEB/photos/Ico/4691202_1.jpg,https://www.chaussuresonline.com/fr/chaussure/rondinaud/femme/chaussons-et-pantoufles/calmont-rose/4691202.awp
Femme,Charentaises,Chaussons et Pantoufles -Femme -Laine tissée -Jaune  -Charentaise -rondinaud,43.00 €,/CHAUSSURESONLINE_WEB/photos/Ico/4691203_1.jpg,https://www.chaussuresonline.com/fr/chaussure/rondinaud/femme/chaussons-et-pantoufles/calmont-jaune/4691203.awp
Femme,Charentaises,Chaussons et Pantoufles -Femme -Laine tissée -Bordeaux  -Charentaise -semelflex,44.00 €,/CHAUSSURESONLINE_WEB/photos/Ico/4886101_1.jpg,https://www.chaussuresonline.com/fr/chaussure/semelflex/femme/chaussons-et-pantoufles/calomona-bordeaux/4886101.awp
Femme,Charentaises,Chaussons et Pantoufles -Femme -Laine tissée -Gris  -Charentaise -semelflex,44.00 €,/CHAUSSURESONLINE_WEB/photos/Ico/4886102_1.jpg,https://www.chaussuresonline.com/fr/chaussure/semelflex/femme/chaussons-et-pantoufles/calomona-gris/4886102.awp
Femme,Charentaises,Chaussons et Pantoufles -Femme -Laine tissée -Gris  -Charentaise -semelflex,44.00 €,/CHAUSSURESONLINE_WEB/photos/Ico/4886103_1.jpg,https://www.chaussuresonline.com/fr/chaussure/semelflex/femme/chaussons-et-pantoufles/calomona-gris/4886103.awp
Femme,Charentaises,Chaussons et Pantoufles -Femme -Laine tissée -Fleurs  -Charentaise -semelflex,45.00 €,/CHAUSSURESONLINE_WEB/photos/Ico/4802701_1.jpg,https://www.chaussuresonline.com/fr/chaussure/semelflex/femme/chaussons-et-pantoufles/calozoe-fleurs/4802701.awp
Femme,Charentaises,Chaussons et Pantoufles -Femme -Foururre synthétique - -Charentaise -la maison de l espadrille,44.90 €,/CHAUSSURESONLINE_WEB/photos/Ico/4770601_1.jpg,https://www.chaussuresonline.com/fr/chaussure/la-maison-de-l-espadrille/femme/chaussons-et-pantoufles/f109f-charentaise-femme-/4770601.awp
Femme,Charentaises,Chaussons et Pantoufles -Femme -Foururre synthétique -Bordeaux  -Charentaise -la maison de l espadrille,39.99 €,/CHAUSSURESONLINE_WEB/photos/Ico/4770502_1.jpg,https://www.chaussuresonline.com/fr/chaussure/la-maison-de-l-espadrille/femme/chaussons-et-pantoufles/f4131-charentaise-chat-bordeaux/4770502.awp
Femme,Charentaises,Chaussons et Pantoufles -Femme -Laine tissée -Fleurs  -Charentaise -semelflex,54.75 €,/CHAUSSURESONLINE_WEB/photos/Ico/4885901_1.jpg,https://www.chaussuresonline.com/fr/chaussure/semelflex/femme/chaussons-et-pantoufles/jane-rose-fleurs/4885901.awp
Femme,Charentaises,Chaussons et Pantoufles -Femme -Laine tissée -Beige  -Charentaise -rondinaud,49.90 €,/CHAUSSURESONLINE_WEB/photos/Ico/4873101_1.jpg,https://www.chaussuresonline.com/fr/chaussure/rondinaud/femme/chaussons-et-pantoufles/louis-femme-exterieur-beige/4873101.awp
Homme,Charentaises,Chaussons et Pantoufles -Homme -Synthétique -Gris  -Charentaise -la maison de l espadrille,36.90 €,/CHAUSSURESONLINE_WEB/photos/Ico/4881701_1.jpg,https://www.chaussuresonline.com/fr/chaussure/la-maison-de-l-espadrille/homme/chaussons-et-pantoufles/a51h-charentaise-asterix-gris/4881701.awp
Homme,Charentaises,Chaussons et Pantoufles -Homme -Synthétique -Noir  -Charentaise -la maison de l espadrille,27.90 €,/CHAUSSURESONLINE_WEB/photos/Ico/4882001_1.jpg,https://www.chaussuresonline.com/fr/chaussure/la-maison-de-l-espadrille/homme/chaussons-et-pantoufles/7672-noir/4882001.awp
Homme,Charentaises,Chaussons et Pantoufles -Homme -Laine tissée -Marron  -Charentaise -la maison de l espadrille,39.90 €,/CHAUSSURESONLINE_WEB/photos/Ico/4660301_1.jpg,https://www.chaussuresonline.com/fr/chaussure/la-maison-de-l-espadrille/homme/chaussons-et-pantoufles/124f-charentaise-marron/4660301.awp
Homme,Charentaises,Chaussons et Pantoufles -Homme -Laine tissée -Bordeaux  -Charentaise -la maison de l espadrille,39.90 €,/CHAUSSURESONLINE_WEB/photos/Ico/4660303_1.jpg,https://www.chaussuresonline.com/fr/chaussure/la-maison-de-l-espadrille/homme/chaussons-et-pantoufles/124f-charentaise-bordeaux/4660303.awp
Homme,Charentaises,Chaussons et Pantoufles -Homme -Foururre synthétique -Beige  -Charentaise -rondinaud,39.90 €,/CHAUSSURESONLINE_WEB/photos/Ico/4785501_1.jpg,https://www.chaussuresonline.com/fr/chaussure/rondinaud/homme/chaussons-et-pantoufles/bernard-homme-beige/4785501.awp
Homme,Charentaises,Chaussons et Pantoufles -Homme -Laine tissée -Bleu Marine  -Charentaise -rondinaud,45.00 €,/CHAUSSURESONLINE_WEB/photos/Ico/4786001_1.jpg,https://www.chaussuresonline.com/fr/chaussure/rondinaud/homme/chaussons-et-pantoufles/calmont-homme-bleu-marine/4786001.awp
Homme,Charentaises,Chaussons et Pantoufles -Homme -Laine tissée -Rouge  -Charentaise -chausse mouton,49.00 €,/CHAUSSURESONLINE_WEB/photos/Ico/4794401_1.jpg,https://www.chaussuresonline.com/fr/chaussure/chausse-mouton/homme/chaussons-et-pantoufles/douglas-exterieur-rouge/4794401.awp
Homme,Charentaises,Chaussons et Pantoufles -Homme -Laine tissée -Noir  -Charentaise -chausse mouton,49.00 €,/CHAUSSURESONLINE_WEB/photos/Ico/4794101_1.jpg,https://www.chaussuresonline.com/fr/chaussure/chausse-mouton/homme/chaussons-et-pantoufles/dreamtime-noir/4794101.awp
Homme,Charentaises,Chaussons et Pantoufles -Homme -Laine tissée -Rouge  -Charentaise -chausse mouton,49.00 €,/CHAUSSURESONLINE_WEB/photos/Ico/4794001_1.jpg,https://www.chaussuresonline.com/fr/chaussure/chausse-mouton/homme/chaussons-et-pantoufles/edimbourg-rouge/4794001.awp
Homme,Charentaises,Chaussons et Pantoufles -Homme -Laine tissée -Noir  -Charentaise -rondinaud,43.00 €,/CHAUSSURESONLINE_WEB/photos/Ico/4785401_1.jpg,https://www.chaussuresonline.com/fr/chaussure/rondinaud/homme/chaussons-et-pantoufles/louis-exterieur-homme-noir/4785401.awp
Homme,Charentaises,Chaussons et Pantoufles -Homme -Laine tissée -Anthracite  -Charentaise -semelflex,42.50 €,/CHAUSSURESONLINE_WEB/photos/Ico/4802001_1.jpg,https://www.chaussuresonline.com/fr/chaussure/semelflex/homme/chaussons-et-pantoufles/pierre-arthur-anthracite/4802001.awp
Homme,Charentaises,Chaussons et Pantoufles -Homme -Laine tissée -Bleu Marine  -Charentaise -chausse mouton,49.00 €,/CHAUSSURESONLINE_WEB/photos/Ico/4794201_1.jpg,https://www.chaussuresonline.com/fr/chaussure/chausse-mouton/homme/chaussons-et-pantoufles/scottish-bleu-marine/4794201.awp
Homme,Charentaises,Chaussons et Pantoufles -Homme -Laine tissée -Rouge  -Charentaise -la maison de l espadrille,44.90 €,/CHAUSSURESONLINE_WEB/photos/Ico/4660501_1.jpg,https://www.chaussuresonline.com/fr/chaussure/la-maison-de-l-espadrille/homme/chaussons-et-pantoufles/109f-charentaise-homme-rouge/4660501.awp
Homme,Charentaises,Chaussons et Pantoufles -Homme -Synthétique -Noir  -Charentaise -la maison de l espadrille,24.90 €,/CHAUSSURESONLINE_WEB/photos/Ico/4881901_1.jpg,https://www.chaussuresonline.com/fr/chaussure/la-maison-de-l-espadrille/homme/chaussons-et-pantoufles/7603-noir/4881901.awp
Homme,Charentaises,Chaussons et Pantoufles -Homme -Laine tissée -Vert  -Charentaise -rondinaud,48.90 €,/CHAUSSURESONLINE_WEB/photos/Ico/4872601_1.jpg,https://www.chaussuresonline.com/fr/chaussure/rondinaud/homme/chaussons-et-pantoufles/caen-homme-exterieur-vert/4872601.awp
Homme,Charentaises,Chaussons et Pantoufles -Homme -Laine tissée -Rouge  -Charentaise -rondinaud,46.90 €,/CHAUSSURESONLINE_WEB/photos/Ico/4785301_1.jpg,https://www.chaussuresonline.com/fr/chaussure/rondinaud/homme/chaussons-et-pantoufles/calais-homme-rouge/4785301.awp
Homme,Charentaises,Chaussons et Pantoufles -Homme -Laine tissée -Anthracite  -Charentaise -rondinaud,45.00 €,/CHAUSSURESONLINE_WEB/photos/Ico/4786002_1.jpg,https://www.chaussuresonline.com/fr/chaussure/rondinaud/homme/chaussons-et-pantoufles/calmont-homme-anthracite/4786002.awp
Homme,Charentaises,Chaussons et Pantoufles -Homme -Laine tissée -Vert  -Charentaise -rondinaud,45.00 €,/CHAUSSURESONLINE_WEB/photos/Ico/4786003_1.jpg,https://www.chaussuresonline.com/fr/chaussure/rondinaud/homme/chaussons-et-pantoufles/calmont-homme-vert/4786003.awp
Homme,Charentaises,Chaussons et Pantoufles -Homme -Laine tissée -Gris  -Charentaise -rondinaud,45.00 €,/CHAUSSURESONLINE_WEB/photos/Ico/4786004_1.jpg,https://www.chaussuresonline.com/fr/chaussure/rondinaud/homme/chaussons-et-pantoufles/calmont-homme-gris/4786004.awp
Homme,Charentaises,Chaussons et Pantoufles -Homme -Laine tissée -Bleu Marine  -Charentaise -rondinaud,45.00 €,/CHAUSSURESONLINE_WEB/photos/Ico/4873301_1.jpg,https://www.chaussuresonline.com/fr/chaussure/rondinaud/homme/chaussons-et-pantoufles/calmont-homme-bleu-marine/4873301.awp
Homme,Charentaises,Chaussons et Pantoufles -Homme -Laine tissée -Bleu Marine  -Charentaise -semelflex,45.00 €,/CHAUSSURESONLINE_WEB/photos/Ico/4802201_1.jpg,https://www.chaussuresonline.com/fr/chaussure/semelflex/homme/chaussons-et-pantoufles/calolaurent-bleu-marine/4802201.awp
Homme,Charentaises,Chaussons et Pantoufles -Homme -Laine tissée -Noir  -Charentaise -rondinaud,55.00 €,/CHAUSSURESONLINE_WEB/photos/Ico/4785601_1.jpg,https://www.chaussuresonline.com/fr/chaussure/rondinaud/homme/chaussons-et-pantoufles/cambrai-homme-noir/4785601.awp
Homme,Charentaises,Chaussons et Pantoufles -Homme -Laine tissée -Marron  -Charentaise -rondinaud,55.00 €,/CHAUSSURESONLINE_WEB/photos/Ico/4873401_1.jpg,https://www.chaussuresonline.com/fr/chaussure/rondinaud/homme/chaussons-et-pantoufles/cambrai-homme-exterieur-marron/4873401.awp
Homme,Charentaises,Chaussons et Pantoufles -Homme -Laine tissée -Gris  -Charentaise -rondinaud,49.90 €,/CHAUSSURESONLINE_WEB/photos/Ico/4872701_1.jpg,https://www.chaussuresonline.com/fr/chaussure/rondinaud/homme/chaussons-et-pantoufles/casteras-homme-exterieur-gris/4872701.awp
Homme,Charentaises,Chaussons et Pantoufles -Homme -Laine tissée -Bleu  -Charentaise -chausse mouton,49.90 €,/CHAUSSURESONLINE_WEB/photos/Ico/4914901_1.jpg,https://www.chaussuresonline.com/fr/chaussure/chausse-mouton/homme/chaussons-et-pantoufles/cotele-bleu/4914901.awp
Homme,Charentaises,Chaussons et Pantoufles -Homme -Laine tissée -Bleu  -Charentaise -chausse mouton,49.90 €,/CHAUSSURESONLINE_WEB/photos/Ico/4915001_1.jpg,https://www.chaussuresonline.com/fr/chaussure/chausse-mouton/homme/chaussons-et-pantoufles/doucement-bleu/4915001.awp
Homme,Charentaises,Chaussons et Pantoufles -Homme -Laine tissée -Gris  -Charentaise -la maison de l espadrille,34.90 €,/CHAUSSURESONLINE_WEB/photos/Ico/4768001_1.jpg,https://www.chaussuresonline.com/fr/chaussure/la-maison-de-l-espadrille/homme/chaussons-et-pantoufles/f4160-charentaise-gris/4768001.awp
Homme,Charentaises,Chaussons et Pantoufles -Homme -Laine tissée -Bleu  -Charentaise -rondinaud,49.90 €,/CHAUSSURESONLINE_WEB/photos/Ico/4876401_1.jpg,https://www.chaussuresonline.com/fr/chaussure/rondinaud/homme/chaussons-et-pantoufles/harper-homme-exterieur-bleu/4876401.awp
Homme,Charentaises,Chaussons et Pantoufles -Homme -Laine tissée -Bleu  -Charentaise -chausse mouton,49.90 €,/CHAUSSURESONLINE_WEB/photos/Ico/4915101_1.jpg,https://www.chaussuresonline.com/fr/chaussure/chausse-mouton/homme/chaussons-et-pantoufles/hypnotic-homme-bleu/4915101.awp
Homme,Charentaises,Chaussons et Pantoufles -Homme -Laine tissée -Orange  -Charentaise -rondinaud,49.90 €,/CHAUSSURESONLINE_WEB/photos/Ico/4872801_1.jpg,https://www.chaussuresonline.com/fr/chaussure/rondinaud/homme/chaussons-et-pantoufles/jules-homme-exterieur-orange/4872801.awp
Homme,Charentaises,Chaussons et Pantoufles -Homme -Laine tissée -Bleu Marine  -Charentaise -rondinaud,54.00 €,/CHAUSSURESONLINE_WEB/photos/Ico/4873001_1.jpg,https://www.chaussuresonline.com/fr/chaussure/rondinaud/homme/chaussons-et-pantoufles/mariniere-homme-bleu-marine/4873001.awp
Homme,Charentaises,Chaussons et Pantoufles -Homme -Laine tissée -Marron  -Charentaise -rondinaud,54.90 €,/CHAUSSURESONLINE_WEB/photos/Ico/4876201_1.jpg,https://www.chaussuresonline.com/fr/chaussure/rondinaud/homme/chaussons-et-pantoufles/marius-homme-exterieur-marron/4876201.awp
Homme,Charentaises,Chaussons et Pantoufles -Homme -Textile -Rouge  -Charentaise -semelflex,44.75 €,/CHAUSSURESONLINE_WEB/photos/Ico/4886401_1.jpg,https://www.chaussuresonline.com/fr/chaussure/semelflex/homme/chaussons-et-pantoufles/pierre-chris-rouge/4886401.awp
Homme,Charentaises,Chaussons et Pantoufles -Homme -Textile -Noir  -Charentaise -semelflex,44.75 €,/CHAUSSURESONLINE_WEB/photos/Ico/4886501_1.jpg,https://www.chaussuresonline.com/fr/chaussure/semelflex/homme/chaussons-et-pantoufles/pierre-dick-noir/4886501.awp
Homme,Charentaises,Chaussons et Pantoufles -Homme -Laine tissée -Bleu  -Charentaise -rondinaud,49.90 €,/CHAUSSURESONLINE_WEB/photos/Ico/4872901_1.jpg,https://www.chaussuresonline.com/fr/chaussure/rondinaud/homme/chaussons-et-pantoufles/remy-homme-exterieur-bleu/4872901.awp
Homme,Charentaises,Chaussons et Pantoufles -Homme -Laine tissée -Jaune  -Charentaise -chausse mouton,49.90 €,/CHAUSSURESONLINE_WEB/photos/Ico/4915401_1.jpg,https://www.chaussuresonline.com/fr/chaussure/chausse-mouton/homme/chaussons-et-pantoufles/saguaro-jaune/4915401.awp
Homme,Charentaises,Chaussons et Pantoufles -Homme -Laine tissée -Beige  -Charentaise -chausse mouton,49.90 €,/CHAUSSURESONLINE_WEB/photos/Ico/4794301_1.jpg,https://www.chaussuresonline.com/fr/chaussure/chausse-mouton/homme/chaussons-et-pantoufles/stuart-exterieur-beige/4794301.awp
Homme,Charentaises,Chaussons et Pantoufles -Homme -Textile -Bleu  -Charentaise -semelflex,47.00 €,/CHAUSSURESONLINE_WEB/photos/Ico/4693701_1.jpg,https://www.chaussuresonline.com/fr/chaussure/semelflex/homme/chaussons-et-pantoufles/super-remy-homme-bleu/4693701.awp
Homme,Charentaises,Chaussons et Pantoufles -Homme -Laine tissée -Rouge  -Charentaise -chiceasy,49.00 €,/CHAUSSURESONLINE_WEB/photos/Ico/4888601_1.jpg,https://www.chaussuresonline.com/fr/chaussure/chiceasy/homme/chaussons-et-pantoufles/will1-rouge/4888601.awp
Homme,Charentaises,Chaussons et Pantoufles -Homme -Laine tissée -Vert  -Charentaise -chiceasy,45.00 €,/CHAUSSURESONLINE_WEB/photos/Ico/4888602_1.jpg,https://www.chaussuresonline.com/fr/chaussure/chiceasy/homme/chaussons-et-pantoufles/will1-vert/4888602.awp
Enfant,Bébé Fille,Chaussons et Pantoufles -Bébé Fille -Cuir -Rose  -Semelle souple -robeez,22.20 €37.00 €,/CHAUSSURESONLINE_WEB/photos/Ico/6774501_1.jpg,https://www.chaussuresonline.com/fr/chaussure/robeez/bebe-fille/chaussons-et-pantoufles/circus-style-rose/6774501.awp
Enfant,Bébé Fille,Chaussons et Pantoufles -Bébé Fille -Cuir -Marron  -Semelle souple -robeez,22.20 €37.00 €,/CHAUSSURESONLINE_WEB/photos/Ico/5675101_1.jpg,https://www.chaussuresonline.com/fr/chaussure/robeez/bebe-fille/chaussons-et-pantoufles/faon-faon-marron/5675101.awp
Enfant,Bébé Fille,Chaussons et Pantoufles -Bébé Fille - -Rose  -Semelle souple -robeez,22.20 €37.00 €,/CHAUSSURESONLINE_WEB/photos/Ico/7319601_1.jpg,https://www.chaussuresonline.com/fr/chaussure/robeez/bebe-fille/chaussons-et-pantoufles/mouse-nose-rose/7319601.awp
Enfant,Bébé Fille,Chaussons et Pantoufles -Bébé Fille -Cuir -Rose  -Semelle souple -robeez,16.00 €32.00 €,/CHAUSSURESONLINE_WEB/photos/Ico/6774401_1.jpg,https://www.chaussuresonline.com/fr/chaussure/robeez/bebe-fille/chaussons-et-pantoufles/sunny-spring-rose/6774401.awp
Enfant,Bébé Fille,Chaussons et Pantoufles -Bébé Fille -Synthétique -Rose  -Semelle souple -superfit,34.95 €,/CHAUSSURESONLINE_WEB/photos/Ico/5710101_1.jpg,https://www.chaussuresonline.com/fr/chaussure/superfit/bebe-fille/chaussons-et-pantoufles/belinda-rose/5710101.awp
Enfant,Bébé Fille,Chaussons et Pantoufles -Bébé Fille -Cuir -Rose  -Semelle souple -robeez,37.00 €,/CHAUSSURESONLINE_WEB/photos/Ico/5675301_1.jpg,https://www.chaussuresonline.com/fr/chaussure/robeez/bebe-fille/chaussons-et-pantoufles/sweet-owl-rose/5675301.awp
Enfant,Bébé Fille,Chaussons et Pantoufles -Bébé Fille -Textile -Rose  --bellamy,36.00 €,/CHAUSSURESONLINE_WEB/photos/Ico/7259501_1.jpg,https://www.chaussuresonline.com/fr/chaussure/bellamy/bebe-fille/chaussons-et-pantoufles/tafa-rose/7259501.awp
Enfant,Bébé Fille,Chaussons et Pantoufles -Bébé Fille -Textile -Bleu  --bellamy,12.00 €30.00 €,/CHAUSSURESONLINE_WEB/photos/Ico/5133901_1.jpg,https://www.chaussuresonline.com/fr/chaussure/bellamy/bebe-fille/chaussons-et-pantoufles/tania-bleu/5133901.awp
Enfant,Bébé Fille,Chaussons et Pantoufles -Bébé Fille - -Bleu  --bellamy,12.80 €32.00 €,/CHAUSSURESONLINE_WEB/photos/Ico/5218601_1.jpg,https://www.chaussuresonline.com/fr/chaussure/bellamy/bebe-fille/chaussons-et-pantoufles/kelly-bleu/5218601.awp
Enfant,Bébé Fille,Chaussons et Pantoufles -Bébé Fille -Foururre synthétique -Rose  --ugg australia,54.95 €,/CHAUSSURESONLINE_WEB/photos/Ico/5412201_1.jpg,https://www.chaussuresonline.com/fr/chaussure/ugg-australia/bebe-fille/chaussons-et-pantoufles/bixbee-lama-rose/5412201.awp
Enfant,Bébé Fille,Chaussons et Pantoufles -Bébé Fille -Cuir -Rose  --bellamy,16.50 €33.00 €,/CHAUSSURESONLINE_WEB/photos/Ico/5425801_1.jpg,https://www.chaussuresonline.com/fr/chaussure/bellamy/bebe-fille/chaussons-et-pantoufles/mini-rose/5425801.awp
Enfant,Bébé Fille,Chaussons et Pantoufles -Bébé Fille -Textile -Rose  --giesswein,20.00 €39.90 €,/CHAUSSURESONLINE_WEB/photos/Ico/4777401_1.jpg,https://www.chaussuresonline.com/fr/chaussure/giesswein/bebe-fille/chaussons-et-pantoufles/salsach-rose/4777401.awp
Enfant,Bébé Fille,Chaussons et Pantoufles -Bébé Fille - -Rose  -Semelle souple -robeez,32.00 €,/CHAUSSURESONLINE_WEB/photos/Ico/5522701_1.jpg,https://www.chaussuresonline.com/fr/chaussure/robeez/bebe-fille/chaussons-et-pantoufles/cameo-color-rose/5522701.awp
Enfant,Bébé Fille,Chaussons et Pantoufles -Bébé Fille - -Beige  -Semelle souple -robeez,32.00 €,/CHAUSSURESONLINE_WEB/photos/Ico/5403901_1.jpg,https://www.chaussuresonline.com/fr/chaussure/robeez/bebe-fille/chaussons-et-pantoufles/cute-auk-beige/5403901.awp
Enfant,Bébé Fille,Chaussons et Pantoufles -Bébé Fille - -Gris  -Semelle souple -robeez,32.00 €,/CHAUSSURESONLINE_WEB/photos/Ico/5403101_1.jpg,https://www.chaussuresonline.com/fr/chaussure/robeez/bebe-fille/chaussons-et-pantoufles/fancy-snow-gris/5403101.awp
Enfant,Bébé Fille,Chaussons et Pantoufles -Bébé Fille - -Gris  -Semelle souple -robeez,32.00 €,/CHAUSSURESONLINE_WEB/photos/Ico/5522901_1.jpg,https://www.chaussuresonline.com/fr/chaussure/robeez/bebe-fille/chaussons-et-pantoufles/flower-dolls-gris/5522901.awp
Enfant,Bébé Fille,Chaussons et Pantoufles -Bébé Fille - -Bleu Marine  -Semelle souple -robeez,32.00 €,/CHAUSSURESONLINE_WEB/photos/Ico/5403301_1.jpg,https://www.chaussuresonline.com/fr/chaussure/robeez/bebe-fille/chaussons-et-pantoufles/glow-unicorn-bleu-marine/5403301.awp
Enfant,Bébé Fille,Chaussons et Pantoufles -Bébé Fille -Cuir -Rose  --bellamy,34.00 €,/CHAUSSURESONLINE_WEB/photos/Ico/5425702_1.jpg,https://www.chaussuresonline.com/fr/chaussure/bellamy/bebe-fille/chaussons-et-pantoufles/majeste-rose/5425702.awp
Enfant,Bébé Fille,Chaussons et Pantoufles -Bébé Fille -Textile -Rose  --bellamy,34.00 €,/CHAUSSURESONLINE_WEB/photos/Ico/7259601_1.jpg,https://www.chaussuresonline.com/fr/chaussure/bellamy/bebe-fille/chaussons-et-pantoufles/mimi-rose/7259601.awp
Enfant,Bébé Fille,Chaussons et Pantoufles -Bébé Fille - -Anthracite  -Semelle souple -robeez,32.00 €,/CHAUSSURESONLINE_WEB/photos/Ico/5523401_1.jpg,https://www.chaussuresonline.com/fr/chaussure/robeez/bebe-fille/chaussons-et-pantoufles/sweet-unicorn-anthracite/5523401.awp
Enfant,Bébé Garçon,Chaussons et Pantoufles -Bébé Garçon -Cuir -Bleu Marine  -Semelle souple -robeez,22.20 €37.00 €,/CHAUSSURESONLINE_WEB/photos/Ico/5636301_1.jpg,https://www.chaussuresonline.com/fr/chaussure/robeez/bebe-garcon/chaussons-et-pantoufles/forest-game-bleu-marine/5636301.awp
Enfant,Bébé Garçon,Chaussons et Pantoufles -Bébé Garçon -Cuir -Marron  -Semelle souple -robeez,16.00 €32.00 €,/CHAUSSURESONLINE_WEB/photos/Ico/6774201_1.jpg,https://www.chaussuresonline.com/fr/chaussure/robeez/bebe-garcon/chaussons-et-pantoufles/leo-miror-marron/6774201.awp
Enfant,Bébé Garçon,Chaussons et Pantoufles -Bébé Garçon -Textile -Multicolor  --bellamy,18.30 €36.50 €,/CHAUSSURESONLINE_WEB/photos/Ico/6773401_1.jpg,https://www.chaussuresonline.com/fr/chaussure/bellamy/bebe-garcon/chaussons-et-pantoufles/paul-multicolor/6773401.awp
Enfant,Bébé Garçon,Chaussons et Pantoufles -Bébé Garçon -Cuir -Bleu  -Semelle souple -robeez,16.00 €32.00 €,/CHAUSSURESONLINE_WEB/photos/Ico/6774301_1.jpg,https://www.chaussuresonline.com/fr/chaussure/robeez/bebe-garcon/chaussons-et-pantoufles/sweet-octopus-bleu/6774301.awp
Enfant,Bébé Garçon,Chaussons et Pantoufles -Bébé Garçon -Synthétique -Noir  -Semelle souple -superfit,33.95 €,/CHAUSSURESONLINE_WEB/photos/Ico/5710001_1.jpg,https://www.chaussuresonline.com/fr/chaussure/superfit/bebe-garcon/chaussons-et-pantoufles/bill-noir/5710001.awp
Enfant,Bébé Garçon,Chaussons et Pantoufles -Bébé Garçon -Cuir -Bleu  -Semelle souple -robeez,37.00 €,/CHAUSSURESONLINE_WEB/photos/Ico/5674901_1.jpg,https://www.chaussuresonline.com/fr/chaussure/robeez/bebe-garcon/chaussons-et-pantoufles/holldino-bleu/5674901.awp
Enfant,Bébé Garçon,Chaussons et Pantoufles -Bébé Garçon - -Bleu Marine  --bellamy,18.00 €45.00 €,/CHAUSSURESONLINE_WEB/photos/Ico/9994402_1.jpg,https://www.chaussuresonline.com/fr/chaussure/bellamy/bebe-garcon/chaussons-et-pantoufles/number-bleu-marine/9994402.awp
Enfant,Bébé Garçon,Chaussons et Pantoufles -Bébé Garçon - -Bleu  --bellamy,10.00 €25.00 €,/CHAUSSURESONLINE_WEB/photos/Ico/9993102_1.jpg,https://www.chaussuresonline.com/fr/chaussure/bellamy/bebe-garcon/chaussons-et-pantoufles/parmy-garcon-bleu/9993102.awp
Enfant,Bébé Garçon,Chaussons et Pantoufles -Bébé Garçon - -Bleu  --bellamy,13.00 €32.50 €,/CHAUSSURESONLINE_WEB/photos/Ico/5316701_1.jpg,https://www.chaussuresonline.com/fr/chaussure/bellamy/bebe-garcon/chaussons-et-pantoufles/vertou-bleu/5316701.awp
Enfant,Bébé Garçon,Chaussons et Pantoufles -Bébé Garçon -Cuir -Bleu  --robeez,19.50 €39.00 €,/CHAUSSURESONLINE_WEB/photos/Ico/5402301_1.jpg,https://www.chaussuresonline.com/fr/chaussure/robeez/bebe-garcon/chaussons-et-pantoufles/freestyle-bear-bleu/5402301.awp
Enfant,Bébé Garçon,Chaussons et Pantoufles -Bébé Garçon -Synthétique -Beige  --la maison de l espadrille,13.50 €27.00 €,/CHAUSSURESONLINE_WEB/photos/Ico/7205401_1.jpg,https://www.chaussuresonline.com/fr/chaussure/la-maison-de-l-espadrille/bebe-garcon/chaussons-et-pantoufles/g117-gaston-la-gaffe-beige/7205401.awp
Enfant,Bébé Garçon,Chaussons et Pantoufles -Bébé Garçon - -Bleu  --bellamy,16.30 €32.50 €,/CHAUSSURESONLINE_WEB/photos/Ico/5426601_1.jpg,https://www.chaussuresonline.com/fr/chaussure/bellamy/bebe-garcon/chaussons-et-pantoufles/matou-bleu/5426601.awp
Enfant,Bébé Garçon,Chaussons et Pantoufles -Bébé Garçon - -Bleu  --bellamy,18.50 €37.00 €,/CHAUSSURESONLINE_WEB/photos/Ico/5427001_1.jpg,https://www.chaussuresonline.com/fr/chaussure/bellamy/bebe-garcon/chaussons-et-pantoufles/miro-bleu/5427001.awp
Enfant,Bébé Garçon,Chaussons et Pantoufles -Bébé Garçon -Cuir -Anthracite  --robeez,32.00 €,/CHAUSSURESONLINE_WEB/photos/Ico/5522201_1.jpg,https://www.chaussuresonline.com/fr/chaussure/robeez/bebe-garcon/chaussons-et-pantoufles/firetale-anthracite/5522201.awp
Enfant,Bébé Garçon,Chaussons et Pantoufles -Bébé Garçon - -Bleu  --bellamy,34.00 €,/CHAUSSURESONLINE_WEB/photos/Ico/5427401_1.jpg,https://www.chaussuresonline.com/fr/chaussure/bellamy/bebe-garcon/chaussons-et-pantoufles/magma-bleu/5427401.awp
Enfant,Bébé Garçon,Chaussons et Pantoufles -Bébé Garçon -Cuir -Bleu  --robeez,39.00 €,/CHAUSSURESONLINE_WEB/photos/Ico/5522601_1.jpg,https://www.chaussuresonline.com/fr/chaussure/robeez/bebe-garcon/chaussons-et-pantoufles/mini-galactic-bleu/5522601.awp
Enfant,Bébé Garçon,Chaussons et Pantoufles -Bébé Garçon - -Gris  --bellamy,34.00 €,/CHAUSSURESONLINE_WEB/photos/Ico/7260401_1.jpg,https://www.chaussuresonline.com/fr/chaussure/bellamy/bebe-garcon/chaussons-et-pantoufles/talent-gris/7260401.awp
Enfant,Bébé Garçon,Chaussons et Pantoufles -Bébé Garçon - -Gris  --bellamy,36.00 €,/CHAUSSURESONLINE_WEB/photos/Ico/7255602_1.jpg,https://www.chaussuresonline.com/fr/chaussure/bellamy/bebe-garcon/chaussons-et-pantoufles/tebo-gris/7255602.awp
Enfant,Bébé Garçon,Chaussons et Pantoufles -Bébé Garçon - -Gris  --bellamy,36.00 €,/CHAUSSURESONLINE_WEB/photos/Ico/7260001_1.jpg,https://www.chaussuresonline.com/fr/chaussure/bellamy/bebe-garcon/chaussons-et-pantoufles/teki-gris/7260001.awp
Enfant,Bébé Garçon,Chaussons et Pantoufles -Bébé Garçon - -Gris  --bellamy,36.00 €,/CHAUSSURESONLINE_WEB/photos/Ico/7255401_1.jpg,https://www.chaussuresonline.com/fr/chaussure/bellamy/bebe-garcon/chaussons-et-pantoufles/tela-gris/7255401.awp
